certificate,instance,status,identity,n,m,rows,nnz,brute_rows,star_rows,star_rows_alpha,max_row_abs,max_y,lb_exact,certified,solver_bound,cost,seconds,raw_sha256,edge_sha256
lwarm_pace-exact_exact004.gr_0.npz,pace/exact/exact004.gr,ok,hash,20,75,26,97,26,0,0,10,1.0,32.0,32,32.0,,0.6,e44f2290060a1bd3cc595011ab06f23a4995b28c19351beefcc0a2772cdf4e24,b04e8749dfe3a2e183c558d26a1efc22e213d3fee4d313596b12a233c345b2ee
lwarm_pace-exact_exact008.gr_0.npz,pace/exact/exact008.gr,ok,hash,30,172,64,244,64,0,0,10,1.0,81.0,81,81.0,,0.0,097bf537521de876d647df278f0f431e3ed449ba0a87f16599ae71681f97f741,71b37c7e73a045fd31d590fbb737a48090720db96ded0dcf9fa5a3fc4803d997
lwarm_pace-exact_exact012.gr_0.npz,pace/exact/exact012.gr,ok,hash,40,283,108,415,108,0,0,10,1.0,137.0,137,137.0,,0.0,b26c56e8d76608289069aa2eade2c9b7b28f948be125d8f4c52a086638dbc228,4bd13147b6a5a9383de668f8baf76a7fcf4d357ff640a43b6e1531c1c7cb8787
lwarm_pace-exact_exact016.gr_0.npz,pace/exact/exact016.gr,ok,hash,40,430,126,378,126,0,0,3,1.0000000000000004,125.99999997578561,126,126.0,,0.0,cf7517eacb7fa86170c36bd53f915a12e5b2a8dac0821b6f9b07a616ceabab00,51c7354313477a8444bfef883e4949f2c15b7b1448a74d80ab64d78c6cac76f1
lwarm_pace-exact_exact020.gr_0.npz,pace/exact/exact020.gr,ok,hash,50,707,110,330,110,0,0,3,1.0,110.0,110,110.0,,0.0,304634abca0248019d56f63bfea2a3870492a35d3aeb62abb25589333d8874fc,5bc096c9fa9375414b812cd58cc3a3d9a74057d1ded8149bc9101d90e29caabf
lwarm_pace-exact_exact028.gr_0.npz,pace/exact/exact028.gr,ok,hash,70,821,991,3961,991,0,0,15,1.9999999999999993,459.9999995166436,460,459.99999999999966,,0.01,2e6e5629dd1b0960d310eeb82dd5458091a0c8b0d730b3681f2683525e6b7729,23eac67db0d86912d7d6b71d7881664a8b12c204ddce7339084343ce2b11af9a
lwarm_pace-exact_exact032.gr_0.npz,pace/exact/exact032.gr,ok,hash,80,865,1289,7051,1289,0,0,25,1.529999712524521,513.8773239990696,514,513.8773248058853,,0.02,d2f179ee5b2860c34ce4fefa5190d191750a227159702b1cb2049322ee78f662,f1cf86237e0dad75ea582938a799cceb566bebc878327f0561606d1318e51253
lwarm_pace-exact_exact036.gr_0.npz,pace/exact/exact036.gr,ok,hash,80,2127,1086,3258,1086,0,0,3,1.0000000000000204,601.9999995613471,602,601.9999999999998,,0.01,976266140f266618545944fe93095bf298597bd1a75202f7c0b3994c8750bb66,969516ce888b347e7f09bfd2d99c5376852a27c0722515508c12087ac734d080
lwarm_pace-exact_exact040.gr_0.npz,pace/exact/exact040.gr,ok,hash,90,2182,624,1872,624,0,0,3,1.0000000000000004,491.9999997811392,492,492.0,,0.01,962f03765baa75f8e5b9cd1ca50e47d55ae1be44275e40026cf7bb101bb1c48f,23764f9ececac9db48ea8c1f33a081eccd25b1dd5cc0ee0b5311812776836ff9
lwarm_pace-exact_exact044.gr_0.npz,pace/exact/exact044.gr,ok,hash,100,1829,1347,4798,1347,0,0,15,2.6019217937272634,904.9999996600673,905,904.9999999999998,,0.01,b04e06691f0aad8037612c61981f0bd8ddac2d45b3949bdcbda2dc9f20ce3772,d59c4987052f28e895ad8406c3fcdd0bc3f33018745c9aab3cd7ad696e613f50
lwarm_pace-exact_exact048.gr_0.npz,pace/exact/exact048.gr,ok,hash,113,881,794,2799,794,0,0,28,1.0000000000000104,436.9999996898696,437,436.9999999999998,,0.01,716efb6b8eac8d7c574aed62898c2e50dcb46c1bfefee7fcd12d363bc2d92688,c67ab923b05f846141f5d0d8d93de3412c35f0257f508f30fcd002f1cc40feb9
lwarm_pace-exact_exact052.gr_0.npz,pace/exact/exact052.gr,ok,hash,120,2448,3524,15253,3524,0,0,28,1.0,1408.181964465417,1409,1408.1819663988795,,0.05,077d2922d9800726730d50a38cc8226e4ba9af8b4bc0a7ac1c1085d805ddd3ae,2b9c84030850ac419b2c777bbcac67f78a6a1ef12d337b3ddd43c93450119a0d
lwarm_pace-exact_exact056.gr_0.npz,pace/exact/exact056.gr,ok,hash,120,4877,732,2196,732,0,0,3,1.0000000000000007,720.9999997317791,721,721.0,,0.01,fe9069dcac7e4d755364cbb2e2f9ea44c57827f384c80cd22d3701a73579a850,27fa3294c6a290afbceaf796cffde169c54029ff722824361be4bdd78779e273
lwarm_pace-exact_exact060.gr_0.npz,pace/exact/exact060.gr,ok,hash,124,2288,2574,10434,2573,1,0,43,1.0000108417066054,1369.4937826832756,1370,1369.4937819950883,,0.03,26ab54b9ccc592b4854e0c0629ffed31acdad66871f0bb5966035aeaa3739a32,3d45e9fca51b79844e4fb42b7fd11a2140131999a07743cd2729fdbad4d84dec
lwarm_pace-exact_exact064.gr_0.npz,pace/exact/exact064.gr,ok,hash,129,3882,1347,4041,1347,0,0,3,1.0000000000000164,771.999999448657,772,771.9999999999995,,0.01,1a56430a09a531d0d01825cede035994e2e6c4cfda577ac8b764955fdd1922f6,e6da30fc641254de00c35699bc261b87a4939a3c576917c213c1968f85731ab2
lwarm_pace-exact_exact068.gr_0.npz,pace/exact/exact068.gr,ok,hash,139,4513,806,2418,806,0,0,3,1.0000000000000009,631.9999997159466,632,632.0,,0.01,43feb7dbbfdd1a6071417defb41e82d71524cef91186353e5aa8296926449eef,b864bb9a8834bfe1566c97f1b13c2f8ac67b2a9dd391090fc1669253358cb6d9
lwarm_pace-exact_exact072.gr_0.npz,pace/exact/exact072.gr,ok,hash,140,4347,4340,13020,4340,0,0,3,1.0000000000000007,1966.9999981448054,1967,1966.9999999999968,,0.02,865ba1ff01b828626007984db01a0dc6723c5177afb65e3bf13a7691572b0a1e,55d41501d87c69839b6c80a3a692e7ce63bfa883c38356c6e5fa8b2f7072c765
lwarm_pace-exact_exact076.gr_0.npz,pace/exact/exact076.gr,ok,hash,144,2216,371,1113,371,0,0,3,1.0000000000000004,368.9999998956919,369,369.0,,0.01,13ed9e8b2f17f93d3515752f331bcdabafd72e09303dfd03944bc2a461c29d74,f2854727defb3cdbbd395a9518562bd420e2ea3a34867206e715fdc6bc6d32bf
lwarm_pace-exact_exact080.gr_0.npz,pace/exact/exact080.gr,ok,hash,159,1152,657,1971,657,0,0,3,1.000000000000004,337.4999997522682,338,337.49999999999983,,0.01,630a2ecfacfa51d81d79b45b558803f08c850eafc9d4fbf7c6ce63daabcf1d8e,a9b2d0f5e66443164db9cffe5a2f6f3de6969032586fcdb49ac9270cd944051d
lwarm_pace-exact_exact084.gr_0.npz,pace/exact/exact084.gr,ok,hash,160,4436,5572,17177,5572,0,0,28,1.2316330504049533,2226.8674952005967,2227,2226.8674976940683,,0.03,ad6f23cfa867b4ac9a80da2f89a7a4afb9781778c67507600959c775113e479d,34735654ff99af11294b15dd74973a5cdc78ade44f8baba221fe2fa2cc054e75
lwarm_pace-exact_exact088.gr_0.npz,pace/exact/exact088.gr,ok,hash,171,936,150,608,150,0,0,15,1.0,198.0,198,198.0,,0.0,7e8dc273d03415e1f4eb7e5ce1534fbf844bf93cdfa5d70745f8c6beec80be9e,4217e617b3696749ff71a69d9f097a98a7fc8e7fea0b928724ffa58b7394f4e8
lwarm_pace-exact_exact092.gr_0.npz,pace/exact/exact092.gr,ok,hash,180,6067,3851,15385,3851,0,0,28,1.000000000000314,3379.3782771313563,3380,3379.3782781615737,,0.03,5d4db9932d694e688da2e9abbd137bc7348338707ec63fbe0f0ba8dacd1a4e3d,8467a9bac12b65e46e43941d1936daae18d00fe0fe4701493b5dd42cc1df4a72
lwarm_pace-exact_exact096.gr_0.npz,pace/exact/exact096.gr,ok,hash,180,9833,7613,22839,7613,0,0,3,1.0000000000000007,3505.999996607192,3506,3505.9999999999704,,0.04,88fa82ed5d824e0c58b43a7b5dd370ce10241c99d41801c593194aca863cb572,1da2168deec2c169204dff3bd4b283ee7c7b7738743dd71852d5512e75f17d20
lwarm_pace-exact_exact100.gr_0.npz,pace/exact/exact100.gr,ok,hash,184,4953,6700,22252,6697,3,0,45,1.0000000000000004,2598.155215452425,2599,2598.15521871274,,0.07,e69b8de2edf6cfe3a862dd5f39a09ac48403b9bb188b6bece056909280678cf5,a4ab4914e29e632d4b98d01e0d147d2cf14c931ab292d55fdba19850146497a2
lwarm_pace-exact_exact104.gr_0.npz,pace/exact/exact104.gr,ok,hash,200,9968,11722,35166,11722,0,0,3,1.0000000000000009,4466.499994758517,4467,4466.499999999742,,0.06,f004f1382e278050c16921e462ec1dcf6f38515d69e9b33eb6cd08c5556c9a52,0b3bdea5cc3a3a5279a7218ac36fdbdbbcbe381378446569ea830ae4a9d28825
lwarm_pace-exact_exact108.gr_0.npz,pace/exact/exact108.gr,ok,hash,204,1070,634,2848,631,3,0,210,1.1178946085140353,546.9999998090789,547,547.0,,0.02,4b057f1c243c2dc136e7e118662bc8778d3447ef6a874a83077dbfecf3c88939,638d7613e47d6556f6047417608262320937ed74b7c140db111ca6466fef4225
lwarm_pace-exact_exact112.gr_0.npz,pace/exact/exact112.gr,ok,hash,204,15177,1872,5616,1872,0,0,3,1.0000000000000009,1834.9999991925433,1835,1835.0,,0.03,07322e7c0a0197d2bfec38d8f54bb7555f4ebd54321a539bb86dc33c8c902271,5446ce60df6441a8375cc3f90356128052a5f28c05ce456a2f2b35fb6774af80
lwarm_pace-exact_exact116.gr_0.npz,pace/exact/exact116.gr,ok,hash,211,2896,787,2374,787,0,0,10,1.2083333333333481,631.9999997550622,632,631.9999999999986,,0.01,211aee8cd14a2d27a47e61ca0a146b0266b03b90f8c639318dca904a52c01377,91fb08f75105afab120d26215b347a6c92a5a6804a3cffb1d6140834a049bcf4
lwarm_pace-exact_exact120.gr_0.npz,pace/exact/exact120.gr,ok,hash,213,3232,229,843,229,0,0,21,1.3888888888888888,193.97222219221294,194,193.97222222222211,,0.01,79d016b4deb2a9b46d2f2fec6bb490f452d97c3eb1a43f47be85f8d46bac3432,42891e4c86cf582610d42e17f9c5493af42a8654400c84c4f29a272d002fa6f4
lwarm_pace-exact_exact124.gr_0.npz,pace/exact/exact124.gr,ok,hash,215,4452,1024,3090,1024,0,0,6,1.0000000000000007,731.4999996209517,732,731.4999999999999,,0.01,dedaa88ea9b44265303e7c89c6aa7e55c008d4dd1f34e68d2754272e7ddcae4e,fee3a9915d1756f1bd8761ff6ecf4517c54a0b4f25cc4bcf295b461d86376f1c
lwarm_pace-exact_exact128.gr_0.npz,pace/exact/exact128.gr,ok,hash,216,3466,103,324,103,0,0,6,1.0,108.0,108,108.0,,0.01,e78f17147acf0080c012211caab5f54e33815f343a48cca7ee8eea06333515a1,405774df4d1c23c981276d51c1e1f6de9863cc650bca5b7a902246a2f66b6a18
lwarm_pace-exact_exact132.gr_0.npz,pace/exact/exact132.gr,ok,hash,221,7291,3177,16035,3175,2,0,66,1.0000000000000007,4206.219634887762,4207,4206.219635494044,,0.09,745b22acbe7e0e4abe264c73b802b803f6076f4e1104653493762a50d142baae,8a6f38f93e181b842878b356e78f8ab118be7a702279044db68ebda5fdf49e7a
lwarm_pace-exact_exact136.gr_0.npz,pace/exact/exact136.gr,ok,hash,232,4981,80,243,80,0,0,6,1.0,81.0,81,81.0,,0.01,65967d2af83a168b860dc64368499c209d098417bb85f36fbb90bff5e75cb257,d917f6113ec633ad5bc5c4935554d6e742248ef053723c56e5a2513e9b9a9e88
lwarm_pace-exact_exact140.gr_0.npz,pace/exact/exact140.gr,ok,hash,250,1045,422,1540,422,0,0,10,1.5,450.9999999953434,451,451.0,,0.0,6de56f00101066db30342c7c23e8379e669696a0b144f3e464da3a5c6bed7163,4047dd9ecf7bbf6516c8aeb1b2091d7a8711e6410af2dd571177ee0744ae385b
lwarm_pace-exact_exact144.gr_0.npz,pace/exact/exact144.gr,ok,hash,250,4507,2743,8229,2743,0,0,3,1.0000000000000004,1499.9999989271164,1500,1500.0,,0.01,ae2424d2e3e90feb2a013c543366c4e64c0881aa424e104c2fcfbb84e03fbcf1,bfdfb1dcc9dfd97197b7bc71aba1c497c3708682cecfbd178e1e8461aa275ac3
lwarm_pace-exact_exact148.gr_0.npz,pace/exact/exact148.gr,ok,hash,250,20035,16380,49140,16380,0,0,3,1.0000000000000009,6920.99999270495,6921,6920.999999999705,,0.09,eb572fc76c04b5d44078c39e022129751fe8da01011405688a7062dcb341ef6c,ab41d8aa2c85d67fbae9d68a57dc661bc3147fee4364448c52edc7d108922367
lwarm_pace-exact_exact152.gr_0.npz,pace/exact/exact152.gr,ok,hash,250,30942,183,549,183,0,0,3,1.0,183.0,183,183.0,,0.03,b3efb48990253d7b417b7241080a1d1d07ad7f0a30bc9972b818762261f727eb,c088950f9d68dc649c123ce84692ffd4702d37e5f48477b0c308b33b2a303c25
lwarm_pace-exact_exact156.gr_0.npz,pace/exact/exact156.gr,ok,hash,263,1668,132,613,131,1,0,55,1.0,188.0,188,188.0,,0.0,0a673752b2e097203ed792621f58b54d6ae62f035c4bcd81eb61312a9cbaeb09,28a26764718d24e0215c1636b89baaada8698e2b6d4b2910e4b4d56f0667f36b
lwarm_pace-exact_exact160.gr_0.npz,pace/exact/exact160.gr,ok,hash,279,1226,401,1237,401,0,0,28,1.0000000000000004,273.9999999180436,274,274.0,,0.01,202ba0ea4b4c0790d014ca96d0731e96958e2da442738b1987b1b3b21c51e1d0,46ed1ce7bdee4becdfbf5d25653466fcd0f6ec8277477d746627242385faba4c
lwarm_pace-exact_exact164.gr_0.npz,pace/exact/exact164.gr,ok,hash,279,11618,8938,26827,8938,0,0,16,1.00000000000152,4032.9999961378053,4033,4032.9999999998836,,0.04,0ddb9259992c755922cd9389f2120410f1aa7e046c0d38824002daedbb589f60,a347dfb46a5cd365ee53a51435c04c8e50bc82a9c8042125bef711b04b9ca658
lwarm_pace-exact_exact168.gr_0.npz,pace/exact/exact168.gr,ok,hash,300,15035,17532,52596,17532,0,0,3,1.0000000000018887,7338.744074946269,7339,7338.74408290198,,0.07,52c67c3b80888ab2c7c24e9d174af1dc68cf66dbd5e51305536d409f3d3ed363,7de7526d446cfe67b9fa512a29e958162d5d587d1c5ea11a2ae001d67e7cc7fb
lwarm_pace-exact_exact172.gr_0.npz,pace/exact/exact172.gr,ok,hash,300,28765,11591,34773,11591,0,0,3,1.0000000755942953,6977.9999916199595,6978,6977.999996434466,,0.06,7c5160730df1608edb94cc243e3c5cca875c26cf51abee96dc32df3bd4a25fc2,c2873400a1b82f3d8a4db2b4bfa932c3492379d82d63d249fd7d13b1105ba1fb
lwarm_pace-exact_exact176.gr_0.npz,pace/exact/exact176.gr,ok,hash,313,7570,921,2763,921,0,0,3,1.0000000000000007,907.9999997261912,908,908.0,,0.01,36e8a50ea4aaf391554d70a2250a294f13e9432d7572dd4e8cbcf59477ff7eb5,371b498ca616f3dc6bff58024eccbb1cc83c4dbd075e00355d4cd1482348f2bb
lwarm_pace-exact_exact180.gr_0.npz,pace/exact/exact180.gr,ok,hash,330,2256,2114,8060,2114,0,0,14,1.656416625210944,1072.0920900776982,1073,1072.0920909289994,,0.01,3aca7d66aedf5b46af98907f9329f47a01d3ad6fb1bdbb070332194b9544d055,e74b908e9c80d9b52fd2b64316cad6ae43b8e1558b758d808d3aead7fdcb0941
lwarm_pace-exact_exact184.gr_0.npz,pace/exact/exact184.gr,ok,hash,330,7270,7823,24155,7823,0,0,15,1.0000000000000007,3478.4999965112656,3479,3478.49999999996,,0.03,909ffcf655e0b400a365745e4cf3fd7d903d28ad68b16de5e1283f7056d1ffed,56566e3cc79fef09be8d10bea09493eb9f701475bc59f3f6dc69bfdf9dc9fe86
lwarm_pace-exact_exact188.gr_0.npz,pace/exact/exact188.gr,ok,hash,347,17983,356286,1068858,356286,0,0,3,0.7525773195876289,7524.391620660201,7525,7524.391752577314,,1.34,36e302a4a77f54d1903742677f17915e4289a18b8411d8c98ac74e1857e72be6,53fe4e1b62bf79fa851ef4327c134a419841aaf12eb84ea587204ad09d4413ef
lwarm_pace-exact_exact192.gr_0.npz,pace/exact/exact192.gr,ok,hash,400,32613,7384,22155,7384,0,0,6,14.0,7248.999996775761,7249,7249.0,,0.06,aa04521b9aa515240d6833e7bad94eee2d86a10cd48e659de074361ecf22da74,2b57b64e84b9fe138b2cfbbb11757d8330da41bfca4fb5c6c1597ebeda91096a
lwarm_pace-exact_exact196.gr_0.npz,pace/exact/exact196.gr,ok,hash,620,14834,11519,34703,11519,0,0,21,1.0000000000000007,5371.648143229075,5372,5371.648148148139,,0.04,436f1d4db3bea6e994961e58148e3a8ab1bd01cbd7a18aa440ea02dc84eb0ada,a5c7f2f44e196e854347363523e8439800fc9721107040e67bffda5c0dacc8f4
lwarm_pace-exact_exact200.gr_0.npz,pace/exact/exact200.gr,ok,hash,620,190499,1686,5058,1686,0,0,3,1.0000000000000036,1390.9999990919605,1391,1390.9999999999998,,0.29,2bde678071c4e8c541e3df7b1ccf3c55a9e8a710d538c6ea285e8594b521190f,dc10a81b5b0d865687bbc5af318cc34e5a0050154def0fb63ff9c89f122d1182
