certificate,instance,status,identity,n,m,rows,nnz,brute_rows,star_rows,lb_exact,certified,solver_bound,cost,seconds,raw_sha256,edge_sha256
c2_BitcoinAlpha+_0.npz,soc-sign-bitcoinalpha.csv.gz,ok,hash,3683,12972,2003,126683,1626,377,10720.498118223622,10721,10720.498118279502,11461,1.35,3a178611b9c2f39c9a0dc75936f28557317f1733319b49da4838232b3757cd76,fc19887ddd0406e4183b379cacc4f65ed189c470446f29cd21b5a196d0db144b
c2_BitcoinAlpha+_1.npz,soc-sign-bitcoinalpha.csv.gz,ok,hash,3683,12972,1961,127990,1581,380,10748.666666611098,10749,10748.666666666686,11465,1.0,3a178611b9c2f39c9a0dc75936f28557317f1733319b49da4838232b3757cd76,fc19887ddd0406e4183b379cacc4f65ed189c470446f29cd21b5a196d0db144b
c2_BitcoinAlpha+_2.npz,soc-sign-bitcoinalpha.csv.gz,ok,hash,3683,12972,1960,126240,1585,375,10737.91666666232,10738,10737.916666666628,11462,0.87,3a178611b9c2f39c9a0dc75936f28557317f1733319b49da4838232b3757cd76,fc19887ddd0406e4183b379cacc4f65ed189c470446f29cd21b5a196d0db144b
c2_BitcoinOTC+_0.npz,soc-sign-bitcoinotc.csv.gz,ok,hash,5573,18591,2616,217736,2061,555,15581.220842007548,15582,15581.220842063078,16502,1.24,6424ac981dad3a019f697fc1b9fcd85c19d8d9f039797758e9ffb6fea100c373,2502952b067fea33eade501ed1c523a29e818496985b8f42065a791a30d89fcc
c2_BitcoinOTC+_1.npz,soc-sign-bitcoinotc.csv.gz,ok,hash,5573,18591,2602,221750,2047,555,15560.690819543786,15561,15560.690819596988,16502,1.17,6424ac981dad3a019f697fc1b9fcd85c19d8d9f039797758e9ffb6fea100c373,2502952b067fea33eade501ed1c523a29e818496985b8f42065a791a30d89fcc
c2_BitcoinOTC+_2.npz,soc-sign-bitcoinotc.csv.gz,ok,hash,5573,18591,2534,218057,1971,563,15577.902777754702,15578,15577.902777777752,16497,1.27,6424ac981dad3a019f697fc1b9fcd85c19d8d9f039797758e9ffb6fea100c373,2502952b067fea33eade501ed1c523a29e818496985b8f42065a791a30d89fcc
c2_amazon0302_0.npz,amazon0302.txt.gz,ok,hash,262111,899792,242173,2364226,236323,5850,498059.9449935453,498060,498059.94499480305,543316,34.86,5f1071ac04203b1bc8fc4af5fb473818a180ff1b97e3d7bd716d789801d1f2a3,b3d79c5869bc541ef34738cc9857d0807cd71cf23144199b2f97e539bf8c28d8
c2_amazon0302_1.npz,amazon0302.txt.gz,ok,hash,262111,899792,250989,2340796,245525,5464,503031.15242700465,503032,503031.15242928546,543290,29.48,5f1071ac04203b1bc8fc4af5fb473818a180ff1b97e3d7bd716d789801d1f2a3,b3d79c5869bc541ef34738cc9857d0807cd71cf23144199b2f97e539bf8c28d8
c2_amazon0302_2.npz,amazon0302.txt.gz,ok,hash,262111,899792,247224,2400654,241318,5906,498201.8084091637,498202,498201.8084143745,543246,30.97,5f1071ac04203b1bc8fc4af5fb473818a180ff1b97e3d7bd716d789801d1f2a3,b3d79c5869bc541ef34738cc9857d0807cd71cf23144199b2f97e539bf8c28d8
c2_ca-AstroPh_0.npz,ca-AstroPh.txt.gz,ok,hash,18772,198050,40595,572621,37714,2881,117874.02872994356,117875,117874.02873016009,125684,10.99,51bf1e2cace269b884481a8502474efa67c0fd01d998ff7f5a154d7d3e527f27,4bc6f924ba776fdbbfa7053c2764b1892acea9df64782d583dbf442aa6378f46
c2_ca-AstroPh_1.npz,ca-AstroPh.txt.gz,ok,hash,18772,198050,41058,572924,38159,2899,118223.42532902304,118224,118223.42532930011,125682,11.02,51bf1e2cace269b884481a8502474efa67c0fd01d998ff7f5a154d7d3e527f27,4bc6f924ba776fdbbfa7053c2764b1892acea9df64782d583dbf442aa6378f46
c2_ca-AstroPh_2.npz,ca-AstroPh.txt.gz,ok,hash,18772,198050,40248,571910,37388,2860,117690.73240942787,117691,117690.73240969144,125702,11.13,51bf1e2cace269b884481a8502474efa67c0fd01d998ff7f5a154d7d3e527f27,4bc6f924ba776fdbbfa7053c2764b1892acea9df64782d583dbf442aa6378f46
c2_ca-CondMat_0.npz,ca-CondMat.txt.gz,ok,hash,23133,93439,23674,258135,22655,1019,55134.690337704495,55135,55134.690338406595,56974,6.03,11b47db52441ce0140f2ec54999345459fecbc52ff6f9fe3956dc3cad9835872,41c10424e8ebe2ab5ee5594f9ace79f8b4c0f6a6f889f2cfb8c738ee60de5d98
c2_ca-CondMat_1.npz,ca-CondMat.txt.gz,ok,hash,23133,93439,23249,253969,22292,957,55282.0888127191,55283,55282.08881315228,56983,6.1,11b47db52441ce0140f2ec54999345459fecbc52ff6f9fe3956dc3cad9835872,41c10424e8ebe2ab5ee5594f9ace79f8b4c0f6a6f889f2cfb8c738ee60de5d98
c2_ca-CondMat_2.npz,ca-CondMat.txt.gz,ok,hash,23133,93439,24273,260954,23242,1031,55218.125092095695,55219,55218.12509314041,57004,5.68,11b47db52441ce0140f2ec54999345459fecbc52ff6f9fe3956dc3cad9835872,41c10424e8ebe2ab5ee5594f9ace79f8b4c0f6a6f889f2cfb8c738ee60de5d98
c2_ca-GrQc_0.npz,ca-GrQc.txt.gz,ok,hash,5242,14484,4620,32189,4546,74,6031.308127966709,6032,6031.308129605546,6053,0.72,a254442cdf5d684712578b630c2e0d7543518ab154ef2341cabb607572ce7230,44aef26b8029a72eff726d68326ff096ee7cabb2a25751b4bba88a68abc701cb
c2_ca-GrQc_1.npz,ca-GrQc.txt.gz,ok,hash,5242,14484,4047,28624,3988,59,6035.660434263758,6036,6035.660435123202,6055,0.69,a254442cdf5d684712578b630c2e0d7543518ab154ef2341cabb607572ce7230,44aef26b8029a72eff726d68326ff096ee7cabb2a25751b4bba88a68abc701cb
c2_ca-GrQc_2.npz,ca-GrQc.txt.gz,ok,hash,5242,14484,3894,30172,3821,73,6034.729100964963,6035,6034.729101816054,6051,0.57,a254442cdf5d684712578b630c2e0d7543518ab154ef2341cabb607572ce7230,44aef26b8029a72eff726d68326ff096ee7cabb2a25751b4bba88a68abc701cb
c2_ca-HepPh_0.npz,ca-HepPh.txt.gz,ok,hash,12008,118489,20853,175081,20265,588,43115.35063111503,43116,43115.35063131177,46199,3.31,8d679f64ea507834613f4c09e6f692cc8a2405d5a01bfe1ee3b24fbbea1d807f,f74b8c16ac64fc53bb90537505c2b7da8fd2226e7e9261c1eaf4fde46273ae7c
c2_ca-HepPh_1.npz,ca-HepPh.txt.gz,ok,hash,12008,118489,22021,179286,21426,595,43198.99577931594,43199,43198.99578012596,46199,3.22,8d679f64ea507834613f4c09e6f692cc8a2405d5a01bfe1ee3b24fbbea1d807f,f74b8c16ac64fc53bb90537505c2b7da8fd2226e7e9261c1eaf4fde46273ae7c
c2_ca-HepPh_2.npz,ca-HepPh.txt.gz,ok,hash,12008,118489,21601,176717,21033,568,43174.849305217154,43175,43174.84930555546,46194,3.7,8d679f64ea507834613f4c09e6f692cc8a2405d5a01bfe1ee3b24fbbea1d807f,f74b8c16ac64fc53bb90537505c2b7da8fd2226e7e9261c1eaf4fde46273ae7c
c2_ca-HepTh_0.npz,ca-HepTh.txt.gz,ok,hash,9877,25973,6347,65454,6099,248,15681.088223406114,15682,15681.088223581988,15861,1.59,7235c7e11887f8a32dfd03a3aa0c77efdf89d41591a959c7d6e4ca11b1299bb5,eebbe17e60705c05bbf2f48ef00b4830ca606afee5033f4586c29f7d28f051dd
c2_ca-HepTh_1.npz,ca-HepTh.txt.gz,ok,hash,9877,25973,6797,68113,6563,234,15675.287181717344,15676,15675.287182252185,15870,1.56,7235c7e11887f8a32dfd03a3aa0c77efdf89d41591a959c7d6e4ca11b1299bb5,eebbe17e60705c05bbf2f48ef00b4830ca606afee5033f4586c29f7d28f051dd
c2_ca-HepTh_2.npz,ca-HepTh.txt.gz,ok,hash,9877,25973,6689,67262,6441,248,15668.65872377716,15669,15668.658724171924,15884,1.32,7235c7e11887f8a32dfd03a3aa0c77efdf89d41591a959c7d6e4ca11b1299bb5,eebbe17e60705c05bbf2f48ef00b4830ca606afee5033f4586c29f7d28f051dd
c2_cit-HepPh_0.npz,cit-HepPh.txt.gz,ok,hash,34546,420877,79506,2303821,69639,9867,322619.8487987211,322620,322619.8487988785,358726,31.9,917e77b3344aed33fd2d849443c9512b7c528b9dc87251d4245fb3777bbe4128,c60547af0d23a1de4908d0314611359f03d20edc90012b0ec975062ce0731281
c2_cit-HepPh_1.npz,cit-HepPh.txt.gz,ok,hash,34546,420877,79228,2295291,69310,9918,322463.15491592884,322464,322463.154916076,358733,33.79,917e77b3344aed33fd2d849443c9512b7c528b9dc87251d4245fb3777bbe4128,c60547af0d23a1de4908d0314611359f03d20edc90012b0ec975062ce0731281
c2_cit-HepPh_2.npz,cit-HepPh.txt.gz,ok,hash,34546,420877,79431,2292997,69559,9872,322665.7804388488,322666,322665.78043894283,358776,35.12,917e77b3344aed33fd2d849443c9512b7c528b9dc87251d4245fb3777bbe4128,c60547af0d23a1de4908d0314611359f03d20edc90012b0ec975062ce0731281
c2_com-Amazon_0.npz,com-amazon.ungraph.txt.gz,ok,hash,334863,925872,250604,2673900,242153,8451,558304.7625415856,558305,558304.762547621,615075,41.32,bb4b9fcf549c9174049e885e9a0a4057c9724846e7297c4a1ea299b8e92eec34,d1afc377a961476729b701d86c8d136297c4084e1bc21639b0d6c0d17aa5f88f
c2_com-Amazon_1.npz,com-amazon.ungraph.txt.gz,ok,hash,334863,925872,250439,2651700,242080,8359,562504.6078496752,562505,562504.6078535579,615073,43.97,bb4b9fcf549c9174049e885e9a0a4057c9724846e7297c4a1ea299b8e92eec34,d1afc377a961476729b701d86c8d136297c4084e1bc21639b0d6c0d17aa5f88f
c2_com-Amazon_2.npz,com-amazon.ungraph.txt.gz,ok,hash,334863,925872,251889,2662799,243556,8333,561808.1523540644,561809,561808.1523595024,615035,44.57,bb4b9fcf549c9174049e885e9a0a4057c9724846e7297c4a1ea299b8e92eec34,d1afc377a961476729b701d86c8d136297c4084e1bc21639b0d6c0d17aa5f88f
c2_com-DBLP_0.npz,com-dblp.ungraph.txt.gz,ok,hash,317080,1049866,206913,3177830,192230,14683,582474.0177394841,582475,582474.0177409183,608218,56.63,9eb0bd30312ddd04e2624f7c36c0983a2e99b116f0385be5a7fce6d6170f4cb3,20209275a17130fe63da69bc890d53b29f768abf8cbc0e51845b1dc9b8764200
c2_com-DBLP_1.npz,com-dblp.ungraph.txt.gz,ok,hash,317080,1049866,205652,3190497,190944,14708,581287.3440012997,581288,581287.3440027237,608201,50.33,9eb0bd30312ddd04e2624f7c36c0983a2e99b116f0385be5a7fce6d6170f4cb3,20209275a17130fe63da69bc890d53b29f768abf8cbc0e51845b1dc9b8764200
c2_com-DBLP_2.npz,com-dblp.ungraph.txt.gz,ok,hash,317080,1049866,205813,3164383,191211,14602,582820.85136622,582821,582820.8513667025,608183,51.79,9eb0bd30312ddd04e2624f7c36c0983a2e99b116f0385be5a7fce6d6170f4cb3,20209275a17130fe63da69bc890d53b29f768abf8cbc0e51845b1dc9b8764200
c2_email-Enron_0.npz,email-Enron.txt.gz,ok,hash,36692,183831,25127,2473305,20646,4481,140551.0,140551,140551.0,150701,13.61,55cfead79b1f0161786179a48796c2a119bd7026a246238b257b6be9d8b69b68,9c16ff41602829e0a37f8ca286f94be119c5b30947fa7e46908a1a425083f733
c2_email-Enron_1.npz,email-Enron.txt.gz,ok,hash,36692,183831,25044,2469104,20570,4474,140495.0,140495,140495.0,150723,13.91,55cfead79b1f0161786179a48796c2a119bd7026a246238b257b6be9d8b69b68,9c16ff41602829e0a37f8ca286f94be119c5b30947fa7e46908a1a425083f733
c2_email-Enron_2.npz,email-Enron.txt.gz,ok,hash,36692,183831,25030,2479371,20545,4485,140522.0,140522,140522.0,150725,13.9,55cfead79b1f0161786179a48796c2a119bd7026a246238b257b6be9d8b69b68,9c16ff41602829e0a37f8ca286f94be119c5b30947fa7e46908a1a425083f733
c2_email-Eu-core_0.npz,email-Eu-core.txt.gz,ok,hash,1005,16064,4618,63741,4331,287,11656.27174363751,11657,11656.271744269878,12749,1.0,4b47acdb80197b085fe63c819c357ae488131ee904ed93d1b219a68b0f9e245f,e259bfe81c74c4701039f90dadc6511b5583e5c5eda4508fdc194f8bab7c2b04
c2_email-Eu-core_1.npz,email-Eu-core.txt.gz,ok,hash,1005,16064,4659,64494,4360,299,11631.560862258077,11632,11631.560862841492,12743,1.08,4b47acdb80197b085fe63c819c357ae488131ee904ed93d1b219a68b0f9e245f,e259bfe81c74c4701039f90dadc6511b5583e5c5eda4508fdc194f8bab7c2b04
c2_email-Eu-core_2.npz,email-Eu-core.txt.gz,ok,hash,1005,16064,4409,62274,4135,274,11640.488128399476,11641,11640.488128809811,12745,1.1,4b47acdb80197b085fe63c819c357ae488131ee904ed93d1b219a68b0f9e245f,e259bfe81c74c4701039f90dadc6511b5583e5c5eda4508fdc194f8bab7c2b04
c2_facebook_0.npz,facebook_combined.txt.gz,ok,hash,4039,88234,19016,221735,18721,295,43343.24941258319,43344,43343.24941289332,53584,2.33,125e84db872eeba443d270c70315c256b0af43a502fcfe51f50621166ad035d7,283164e76604ce039b299ca3517cae1654051403d360dd727021fb700ad35e3f
c2_facebook_1.npz,facebook_combined.txt.gz,ok,hash,4039,88234,18705,242742,18376,329,43019.464619234204,43020,43019.46461955784,53597,2.55,125e84db872eeba443d270c70315c256b0af43a502fcfe51f50621166ad035d7,283164e76604ce039b299ca3517cae1654051403d360dd727021fb700ad35e3f
c2_facebook_2.npz,facebook_combined.txt.gz,ok,hash,4039,88234,19472,245974,19168,304,43208.63012787048,43209,43208.63012842089,53586,3.14,125e84db872eeba443d270c70315c256b0af43a502fcfe51f50621166ad035d7,283164e76604ce039b299ca3517cae1654051403d360dd727021fb700ad35e3f
c2_loc-Brightkite_0.npz,loc-brightkite_edges.txt.gz,ok,hash,58228,214078,33539,1970904,28338,5201,163167.0,163167,163167.0,175114,16.32,0714a1ff54225f49fae8bd228d807e6a2a7ee27b8ff3c60989cfd9d20089a229,b017743603b8c2b9753051ba2f66fd52a2f9165b978e4296ad2f60644e8650a6
c2_loc-Brightkite_1.npz,loc-brightkite_edges.txt.gz,ok,hash,58228,214078,33489,1975506,28271,5218,163172.0,163172,163172.0,175117,14.62,0714a1ff54225f49fae8bd228d807e6a2a7ee27b8ff3c60989cfd9d20089a229,b017743603b8c2b9753051ba2f66fd52a2f9165b978e4296ad2f60644e8650a6
c2_loc-Brightkite_2.npz,loc-brightkite_edges.txt.gz,ok,hash,58228,214078,33750,1982633,28518,5232,163366.0,163366,163366.0,175081,13.87,0714a1ff54225f49fae8bd228d807e6a2a7ee27b8ff3c60989cfd9d20089a229,b017743603b8c2b9753051ba2f66fd52a2f9165b978e4296ad2f60644e8650a6
c2_p2p-Gnutella31_0.npz,p2p-Gnutella31.txt.gz,ok,hash,62586,147892,17168,826856,8363,8805,130280.0,130280,130280.0,131452,21.84,20cf3b0642718e7628c7aa15a41b21e663aea872946878d5b9abc80ee360f869,3185100cc1b95d4667c6670be46fa8f04369c2f581a9df7ff85c13aba3e54253
c2_p2p-Gnutella31_1.npz,p2p-Gnutella31.txt.gz,ok,hash,62586,147892,17163,828484,8361,8802,130272.0,130272,130272.0,131453,20.34,20cf3b0642718e7628c7aa15a41b21e663aea872946878d5b9abc80ee360f869,3185100cc1b95d4667c6670be46fa8f04369c2f581a9df7ff85c13aba3e54253
c2_p2p-Gnutella31_2.npz,p2p-Gnutella31.txt.gz,ok,hash,62586,147892,17155,827533,8335,8820,130297.0,130297,130297.0,131454,20.51,20cf3b0642718e7628c7aa15a41b21e663aea872946878d5b9abc80ee360f869,3185100cc1b95d4667c6670be46fa8f04369c2f581a9df7ff85c13aba3e54253
c2_roadNet-PA_0.npz,roadNet-PA.txt.gz,ok,hash,1088092,1541898,610758,2915703,610758,0,865130.3880256834,865131,865130.3880413698,956986,19.81,450b8733635d887466a2b96b26411f6e62caf7006f8a264f59cf9b5d75cdf549,f26100c682f8831192fb7faa812f77709ae5a2e2213aa0de26eedae91f545b9a
c2_roadNet-PA_1.npz,roadNet-PA.txt.gz,ok,hash,1088092,1541898,605403,2866394,605403,0,864089.4685654761,864090,864089.4685806998,957146,22.93,450b8733635d887466a2b96b26411f6e62caf7006f8a264f59cf9b5d75cdf549,f26100c682f8831192fb7faa812f77709ae5a2e2213aa0de26eedae91f545b9a
c2_roadNet-PA_2.npz,roadNet-PA.txt.gz,ok,hash,1088092,1541898,606328,2887659,606328,0,863548.3283992968,863549,863548.3284136709,956996,18.39,450b8733635d887466a2b96b26411f6e62caf7006f8a264f59cf9b5d75cdf549,f26100c682f8831192fb7faa812f77709ae5a2e2213aa0de26eedae91f545b9a
c2_wiki-Vote_0.npz,wiki-Vote.txt.gz,ok,hash,7115,100762,14361,720221,10737,3624,85487.0,85487,85487.0,95522,8.64,7d3e53626e14b8b09fb3b396bece9d481ad606bd64ceab066349ff57d4ada7fc,5f5f5cf21a483e14d8d1aa3810e61725b9e168335d32f99130696bcde887a4e6
c2_wiki-Vote_1.npz,wiki-Vote.txt.gz,ok,hash,7115,100762,14391,719153,10763,3628,85432.0,85432,85432.0,95598,8.86,7d3e53626e14b8b09fb3b396bece9d481ad606bd64ceab066349ff57d4ada7fc,5f5f5cf21a483e14d8d1aa3810e61725b9e168335d32f99130696bcde887a4e6
