instance,n,m,algo,seed,cost,lb,time,error
pace-exact/exact002.gr,20,68,certiflip,0,7,7.0,12.498971700668335,
pace-exact/exact001.gr,10,11,certiflip,0,3,3.0,13.888190746307373,
pace-exact/exact003.gr,20,73,certiflip,0,42,41.89504950495047,14.371824502944946,
pace-exact/exact004.gr,20,75,certiflip,0,32,32.0,16.70470404624939,
pace-exact/exact006.gr,20,113,certiflip,0,9,9.0,10.428359031677246,
pace-exact/exact005.gr,20,97,certiflip,0,46,44.99999999999997,16.474959135055542,
pace-exact/exact008.gr,30,172,certiflip,0,81,81.0,15.816858053207397,
pace-exact/exact007.gr,30,147,certiflip,0,86,83.99854174261758,19.290327548980713,
pace-exact/exact010.gr,30,235,certiflip,0,16,16.0,11.074254035949707,
pace-exact/exact009.gr,30,175,certiflip,0,90,90.0,17.63538432121277,
pace-exact/exact011.gr,30,291,certiflip,0,81,81.0,15.185245037078857,
pace-exact/exact012.gr,40,283,certiflip,0,137,137.0,17.025970935821533,
pace-exact/exact014.gr,40,311,certiflip,0,79,79.0,13.703583002090454,
pace-exact/exact015.gr,40,360,certiflip,0,164,163.59999999999988,10.086832284927368,
pace-exact/exact016.gr,40,430,certiflip,0,126,126.0,11.828886032104492,
pace-exact/exact018.gr,50,446,certiflip,0,132,132.0,11.246506690979004,
pace-exact/exact013.gr,40,297,certiflip,0,181,175.08447546725068,31.23549771308899,
pace-exact/exact020.gr,50,707,certiflip,0,110,110.0,10.00143027305603,
pace-exact/exact021.gr,50,872,certiflip,0,322,321.9999999999988,11.538692474365234,
pace-exact/exact017.gr,50,385,certiflip,0,236,233.2181319516759,32.194395780563354,
pace-exact/exact023.gr,60,676,certiflip,0,281,281.0,6.919828414916992,
pace-exact/exact022.gr,60,618,certiflip,0,335,335.0,13.177500009536743,
pace-exact/exact025.gr,60,1053,certiflip,0,439,438.9999999999986,13.365919589996338,
pace-exact/exact026.gr,60,1221,certiflip,0,282,282.0,11.402404069900513,
pace-exact/exact024.gr,60,677,certiflip,0,338,337.9999999999976,17.759153127670288,
pace-exact/exact027.gr,70,795,certiflip,0,432,432.0,14.42351222038269,
pace-exact/exact029.gr,70,1011,certiflip,0,509,508.99999999999966,13.414933204650879,
pace-exact/exact030.gr,70,1522,certiflip,0,277,277.0,8.1656813621521,
pace-exact/exact031.gr,70,1596,certiflip,0,285,285.0,7.4437255859375,
pace-exact/exact019.gr,50,489,certiflip,0,298,289.13199280090384,64.59942531585693,
pace-exact/exact033.gr,80,1348,certiflip,0,672,671.9999999999973,12.3933687210083,
pace-exact/exact028.gr,70,821,certiflip,0,460,459.2993090684811,43.32487392425537,
pace-exact/exact035.gr,80,1831,certiflip,0,385,385.0,10.47719144821167,
pace-exact/exact036.gr,80,2127,certiflip,0,602,601.9999999999998,12.01298975944519,
pace-exact/exact034.gr,80,1500,certiflip,0,785,781.5129168047996,36.612038373947144,
pace-exact/exact032.gr,80,865,certiflip,0,515,507.525139600436,48.29370594024658,
pace-exact/exact039.gr,90,1456,certiflip,0,665,664.9999999999961,12.30052137374878,
pace-exact/exact040.gr,90,2182,certiflip,0,492,492.0,10.253119468688965,
pace-exact/exact041.gr,90,2319,certiflip,0,184,184.0,11.121129274368286,
pace-exact/exact037.gr,90,1330,certiflip,0,703,702.6074165602658,40.934011697769165,
pace-exact/exact044.gr,100,1829,certiflip,0,905,905.0,17.80235981941223,
pace-exact/exact038.gr,90,1410,certiflip,0,860,829.758242003589,61.588460206985474,
pace-exact/exact046.gr,100,2423,certiflip,0,814,814.0,15.962435722351074,
pace-exact/exact047.gr,100,3274,certiflip,0,749,748.9999999999999,7.229474306106567,
pace-exact/exact043.gr,100,1624,certiflip,0,984,954.1382964155414,60.64597725868225,
pace-exact/exact042.gr,100,1563,certiflip,0,1055,952.8863636363635,64.37255239486694,
pace-exact/exact048.gr,113,881,certiflip,0,437,436.9999999999993,19.215654611587524,
pace-exact/exact049.gr,113,1896,certiflip,0,854,853.9999999999986,21.201783418655396,
pace-exact/exact045.gr,100,1981,certiflip,0,1085,1022.9999999999993,61.48571825027466,
pace-exact/exact050.gr,113,3848,certiflip,0,1440,1439.9999999999995,27.36228084564209,
pace-exact/exact054.gr,120,2899,certiflip,0,1372,1371.9999999999936,30.952561855316162,
pace-exact/exact051.gr,120,2251,certiflip,0,1619,1418.3064092504196,67.4187502861023,
pace-exact/exact055.gr,120,3723,certiflip,0,1410,1400.999999999997,25.03916907310486,
pace-exact/exact053.gr,120,2588,certiflip,0,1481,1309.2739351223245,62.631675720214844,
pace-exact/exact052.gr,120,2448,certiflip,0,1473,1359.3520702269475,63.69074034690857,
pace-exact/exact056.gr,120,4877,certiflip,0,721,721.0,12.25947093963623,
pace-exact/exact057.gr,121,486,certiflip,0,122,122.0,11.49420714378357,
pace-exact/exact058.gr,121,864,certiflip,0,210,210.0,12.399611949920654,
pace-exact/exact061.gr,129,613,certiflip,0,116,116.0,11.73668360710144,
pace-exact/exact062.gr,129,1319,certiflip,0,469,468.99999999999955,13.80192494392395,
pace-exact/exact063.gr,129,2476,certiflip,0,665,665.0,10.7876615524292,
pace-exact/exact059.gr,121,2174,certiflip,0,976,974.2499999999991,40.920618772506714,
pace-exact/exact064.gr,129,3882,certiflip,0,772,771.9999999999995,16.068569898605347,
pace-exact/exact065.gr,129,8112,certiflip,0,128,127.99999999999999,16.333492755889893,
pace-exact/exact067.gr,139,2877,certiflip,0,792,791.9999999999998,9.847854852676392,
pace-exact/exact068.gr,139,4513,certiflip,0,632,632.0,11.082810163497925,
pace-exact/exact060.gr,124,2288,certiflip,0,1491,1347.395823002435,68.62790870666504,
pace-exact/exact066.gr,139,1583,certiflip,0,730,721.4999999999934,38.858906745910645,
pace-exact/exact072.gr,140,4347,certiflip,0,1967,1966.9999999999968,39.711806774139404,
pace-exact/exact069.gr,140,2915,certiflip,0,2140,1861.2050888366666,69.71806383132935,
pace-exact/exact070.gr,140,3014,certiflip,0,1792,1716.328351232759,60.73219847679138,
pace-exact/exact075.gr,144,1191,certiflip,0,132,132.0,10.887592077255249,
pace-exact/exact074.gr,140,5550,certiflip,0,995,995.0,11.681119680404663,
pace-exact/exact073.gr,140,5137,certiflip,0,1612,1612.0,17.63321566581726,
pace-exact/exact076.gr,144,2216,certiflip,0,369,369.0,9.618173360824585,
pace-exact/exact077.gr,144,3089,certiflip,0,78,78.0,11.76003384590149,
pace-exact/exact071.gr,140,4298,certiflip,0,2131,2054.8130679979918,69.92501735687256,
pace-exact/exact078.gr,144,6127,certiflip,0,854,854.0,14.400396347045898,
pace-exact/exact079.gr,159,433,certiflip,0,48,48.0,14.30464220046997,
pace-exact/exact080.gr,159,1152,certiflip,0,342,337.49999999999983,17.088318347930908,
pace-exact/exact081.gr,159,3752,certiflip,0,2042,1798.4999999999964,60.89090895652771,
pace-exact/exact082.gr,160,4015,certiflip,0,2434,2260.668755212433,61.306166648864746,
pace-exact/exact085.gr,160,5705,certiflip,0,1047,1047.0,11.818815231323242,
pace-exact/exact084.gr,160,4436,certiflip,0,2249,2149.6027311189255,60.77661204338074,
pace-exact/exact083.gr,160,4259,certiflip,0,2941,2612.146475756155,68.71400117874146,
pace-exact/exact089.gr,171,1623,certiflip,0,534,534.0,10.182902336120605,
pace-exact/exact088.gr,171,936,certiflip,0,198,198.0,12.586153745651245,
pace-exact/exact086.gr,160,6348,certiflip,0,2838,2808.045080639929,60.01417660713196,
pace-exact/exact087.gr,160,9200,certiflip,0,3243,3060.9138535666552,60.09397006034851,
pace-exact/exact091.gr,180,4602,certiflip,0,3236,2847.9820668748134,62.68700170516968,
pace-exact/exact090.gr,171,4211,certiflip,0,2104,1905.5360824742274,63.69486618041992,
pace-exact/exact095.gr,180,7945,certiflip,0,358,358.0,14.368156671524048,
pace-exact/exact092.gr,180,6067,certiflip,0,3563,3026.242365262394,61.481163024902344,
pace-exact/exact094.gr,180,6894,certiflip,0,2763,2761.5029836399253,41.94189095497131,
pace-exact/exact093.gr,180,6502,certiflip,0,3842,3575.5,60.29565238952637,
pace-exact/exact097.gr,184,468,certiflip,0,95,95.0,11.947652339935303,
pace-exact/exact098.gr,184,699,certiflip,0,226,226.0,11.318669557571411,
pace-exact/exact096.gr,180,9833,certiflip,0,3506,3429.9587628865975,60.16710186004639,
