instance,n,ours,kapoce,kapoce_valid,kapoce_time,ours_time
pace-heur/heur001.gr,10,10,10,True,0.8,602.7
pace-heur/heur002.gr,100,749,749,True,24.3,600.7
pace-heur/heur003.gr,120,1481,1481,True,27.0,600.3
pace-heur/heur004.gr,140,1792,1792,True,30.8,600.4
pace-heur/heur005.gr,160,2434,2434,True,41.5,600.4
pace-heur/heur006.gr,180,3563,3563,True,51.0,600.3
pace-heur/heur007.gr,200,4198,4198,True,59.0,600.6
pace-heur/heur008.gr,250,451,451,True,22.8,600.4
pace-heur/heur009.gr,250,697,697,True,28.7,600.1
pace-heur/heur010.gr,250,1500,1500,True,38.2,601.0
pace-heur/heur011.gr,250,1761,1761,True,51.1,600.1
pace-heur/heur012.gr,250,6921,6921,True,125.6,601.8
pace-heur/heur013.gr,250,5807,5807,True,164.1,600.0
pace-heur/heur014.gr,300,9861,9861,True,126.1,600.6
pace-heur/heur015.gr,300,7674,7674,True,120.0,601.5
pace-heur/heur016.gr,300,9561,9561,True,121.0,600.6
pace-heur/heur017.gr,300,6866,6866,True,106.8,601.1
pace-heur/heur018.gr,300,2901,2901,True,149.8,600.0
pace-heur/heur019.gr,300,6978,6978,True,199.5,600.0
pace-heur/heur020.gr,320,1349,1349,True,76.7,600.3
pace-heur/heur021.gr,320,4707,4707,True,103.9,600.8
pace-heur/heur022.gr,322,10088,10083,True,265.5,600.2
pace-heur/heur023.gr,329,5123,5123,True,232.6,600.3
pace-heur/heur024.gr,329,5346,5346,True,329.7,600.0
pace-heur/heur025.gr,329,5050,5050,True,448.5,600.1
pace-heur/heur026.gr,330,633,633,True,30.4,600.1
pace-heur/heur027.gr,330,1081,1081,True,41.2,600.1
pace-heur/heur028.gr,330,1563,1563,True,56.1,601.1
pace-heur/heur029.gr,330,2159,2159,True,53.2,600.1
pace-heur/heur030.gr,330,2788,2788,True,54.4,600.1
pace-heur/heur031.gr,330,3684,3684,True,56.7,600.1
pace-heur/heur032.gr,330,4822,4822,True,81.7,600.9
pace-heur/heur033.gr,330,6996,6996,True,94.2,600.1
pace-heur/heur034.gr,345,1268,1268,True,84.6,600.0
pace-heur/heur035.gr,345,2982,2982,True,108.9,600.2
pace-heur/heur036.gr,347,7882,7882,True,297.3,600.9
pace-heur/heur037.gr,347,8563,8563,True,429.9,603.3
pace-heur/heur038.gr,361,3781,3781,True,133.5,601.3
pace-heur/heur039.gr,361,4456,4456,True,206.6,600.6
pace-heur/heur040.gr,361,3454,3454,True,263.6,600.5
pace-heur/heur041.gr,361,3435,3435,True,321.1,601.0
pace-heur/heur042.gr,374,820,820,True,120.5,601.2
pace-heur/heur043.gr,374,9172,9172,True,299.7,600.9
pace-heur/heur044.gr,391,2262,2262,True,92.7,600.3
pace-heur/heur045.gr,391,5444,5444,True,173.5,600.0
pace-heur/heur046.gr,391,11485,11485,True,332.4,600.7
pace-heur/heur047.gr,391,14772,14772,True,468.1,601.9
pace-heur/heur048.gr,400,17780,17780,True,200.9,600.5
pace-heur/heur049.gr,400,13915,13915,True,207.1,600.1
pace-heur/heur050.gr,400,18427,18427,True,218.5,600.8
pace-heur/heur051.gr,400,7249,7249,True,203.0,600.0
pace-heur/heur052.gr,400,20429,20429,True,346.9,601.0
pace-heur/heur053.gr,400,8908,8908,True,471.3,600.2
pace-heur/heur054.gr,449,1039,1039,True,80.5,600.0
pace-heur/heur055.gr,449,3578,3578,True,156.4,600.1
pace-heur/heur056.gr,449,10742,10742,True,335.5,600.3
pace-heur/heur057.gr,491,2820,2820,True,110.6,600.0
pace-heur/heur058.gr,491,5775,5775,True,192.2,600.4
pace-heur/heur059.gr,491,11972,11972,True,347.3,600.4
pace-heur/heur060.gr,491,18768,18768,True,532.0,603.2
pace-heur/heur061.gr,500,24970,24970,True,338.5,601.0
pace-heur/heur062.gr,500,28599,28599,True,382.8,600.0
pace-heur/heur063.gr,500,23652,23652,True,310.1,602.2
pace-heur/heur064.gr,500,14922,14922,True,344.7,601.7
pace-heur/heur065.gr,500,32390,32390,True,457.3,600.5
pace-heur/heur066.gr,500,29222,29222,True,512.2,601.3
pace-heur/heur067.gr,533,2425,2425,True,184.3,601.1
pace-heur/heur068.gr,533,5658,5658,True,339.1,600.4
pace-heur/heur069.gr,551,2387,2387,True,107.2,601.4
pace-heur/heur070.gr,551,5351,5351,True,229.4,600.6
pace-heur/heur071.gr,551,14668,14668,True,511.3,602.5
pace-heur/heur072.gr,601,1882,1882,True,121.0,600.3
pace-heur/heur073.gr,601,6243,6243,True,231.0,600.9
pace-heur/heur074.gr,601,21376,21376,True,590.1,600.0
pace-heur/heur075.gr,620,2529,2529,True,85.5,600.1
pace-heur/heur076.gr,620,5375,5375,True,181.0,600.6
pace-heur/heur077.gr,620,15831,15831,True,316.0,600.4
pace-heur/heur078.gr,620,46764,46764,True,590.1,600.9
pace-heur/heur079.gr,620,27073,27073,True,590.2,600.1
pace-heur/heur080.gr,620,1391,1391,True,590.1,602.5
pace-heur/heur081.gr,871,6532,6532,True,208.9,600.3
pace-heur/heur082.gr,871,8006,8006,True,299.6,600.8
pace-heur/heur083.gr,871,12727,12727,True,531.2,600.2
pace-heur/heur084.gr,871,26568,26568,True,590.1,600.2
pace-heur/heur085.gr,871,31469,31469,True,590.2,600.8
pace-heur/heur086.gr,885,2300,2300,True,144.0,600.4
pace-heur/heur087.gr,885,3049,3049,True,173.4,600.7
pace-heur/heur088.gr,885,2235,2235,True,218.9,600.1
pace-heur/heur089.gr,885,1915,1915,True,266.5,600.2
pace-heur/heur090.gr,926,11987,11987,True,387.6,600.8
pace-heur/heur091.gr,926,22706,22706,True,588.8,600.3
pace-heur/heur092.gr,926,30978,30978,True,590.1,600.3
pace-heur/heur093.gr,926,35181,35181,True,590.1,600.2
pace-heur/heur094.gr,1005,12732,12732,True,401.3,600.3
pace-heur/heur095.gr,1051,3938,3938,True,194.7,600.1
pace-heur/heur096.gr,1051,3377,3377,True,271.9,600.6
pace-heur/heur097.gr,1051,4034,4034,True,367.6,600.1
pace-heur/heur098.gr,1190,11072,11072,True,316.0,600.4
pace-heur/heur099.gr,1190,15468,15468,True,519.3,600.0
pace-heur/heur100.gr,1190,17013,17013,True,590.1,602.0
pace-heur/heur101.gr,1190,23295,23295,True,590.1,601.1
pace-heur/heur102.gr,1292,9472,9472,True,314.0,600.7
pace-heur/heur103.gr,1292,11665,11665,True,468.8,601.0
pace-heur/heur104.gr,1292,17315,17315,True,590.1,600.2
pace-heur/heur105.gr,1292,26931,26931,True,590.1,600.5
pace-heur/heur106.gr,1292,52858,52858,True,590.1,600.9
pace-heur/heur107.gr,1345,5154,5154,True,297.2,600.0
pace-heur/heur108.gr,1345,9182,9182,True,433.6,600.3
pace-heur/heur109.gr,1345,21187,21187,True,590.1,600.8
pace-heur/heur110.gr,1345,34263,34263,True,590.2,600.8
pace-heur/heur111.gr,1345,68490,68490,True,590.2,600.5
pace-heur/heur112.gr,1386,7623,7623,True,337.1,600.1
pace-heur/heur113.gr,1386,9350,9350,True,430.3,600.9
pace-heur/heur114.gr,1386,13864,13864,True,590.1,601.2
pace-heur/heur115.gr,1386,25536,25536,True,590.1,600.5
pace-heur/heur116.gr,1386,86690,86690,True,590.2,600.3
pace-heur/heur117.gr,2054,10051,10051,True,487.5,602.1
pace-heur/heur118.gr,2054,11538,11538,True,590.1,601.4
pace-heur/heur119.gr,2054,17431,17431,True,590.1,600.4
pace-heur/heur120.gr,2054,26013,26013,True,590.1,600.1
pace-heur/heur121.gr,2054,66386,66386,True,590.2,600.5
pace-heur/heur122.gr,2362,9076,9076,True,574.1,601.7
pace-heur/heur123.gr,2362,13296,13296,True,590.1,601.4
pace-heur/heur124.gr,2362,19889,19889,True,590.1,600.4
pace-heur/heur125.gr,2362,32353,32353,True,590.1,600.4
pace-heur/heur126.gr,2362,58919,58919,True,590.1,600.4
pace-heur/heur127.gr,2831,19801,19801,True,590.1,600.4
pace-heur/heur128.gr,2831,131056,131074,True,590.2,600.6
pace-heur/heur129.gr,2831,485196,485198,True,590.7,600.7
pace-heur/heur130.gr,2831,1079984,1079984,True,591.9,601.6
pace-heur/heur131.gr,2831,652019,652019,True,594.0,603.8
pace-heur/heur132.gr,2831,103299,103299,True,592.0,602.9
pace-heur/heur133.gr,2831,445,445,True,592.0,602.8
pace-heur/heur134.gr,2912,2346,2346,True,211.4,600.9
pace-heur/heur135.gr,2912,22888,22888,True,590.1,600.2
pace-heur/heur136.gr,2912,136585,136595,True,590.3,600.0
pace-heur/heur137.gr,2912,510431,510431,True,591.5,600.6
pace-heur/heur138.gr,2912,1108659,1108659,True,592.0,600.8
pace-heur/heur139.gr,2912,722787,722787,True,593.2,602.1
pace-heur/heur140.gr,2912,121476,121476,True,591.5,603.2
pace-heur/heur141.gr,2936,2080,2080,True,152.7,600.7
pace-heur/heur142.gr,2936,27462,27464,True,590.1,600.7
pace-heur/heur143.gr,2936,157201,157219,True,590.2,600.4
pace-heur/heur144.gr,2936,538583,538610,True,590.9,600.2
pace-heur/heur145.gr,2936,1094791,1094791,True,591.9,601.5
pace-heur/heur146.gr,2936,775815,775815,True,592.7,604.7
pace-heur/heur147.gr,2936,148412,148412,True,591.6,603.1
pace-heur/heur148.gr,2939,2530,2530,True,184.3,600.0
pace-heur/heur149.gr,2939,3773,3773,True,254.0,600.3
pace-heur/heur150.gr,2939,32666,32666,True,590.1,600.2
pace-heur/heur151.gr,2939,38765,38765,True,590.1,600.3
pace-heur/heur152.gr,2939,162447,162446,True,590.4,600.1
pace-heur/heur153.gr,2939,178781,178788,True,590.3,600.1
pace-heur/heur154.gr,2939,529761,529616,True,591.1,600.6
pace-heur/heur155.gr,2939,539014,538996,True,590.8,600.3
pace-heur/heur156.gr,2939,1066202,1066202,True,592.4,602.4
pace-heur/heur157.gr,2939,961446,961446,True,591.7,601.0
pace-heur/heur158.gr,2939,849223,849223,True,593.6,602.8
pace-heur/heur159.gr,2939,784235,784235,True,594.8,602.7
pace-heur/heur160.gr,2939,186102,186102,True,592.8,600.3
pace-heur/heur161.gr,2939,22268,22268,True,591.3,601.6
pace-heur/heur162.gr,3387,48083,48083,True,590.2,600.3
pace-heur/heur163.gr,3387,59141,59141,True,590.2,600.6
pace-heur/heur164.gr,3387,69755,69755,True,590.2,600.1
pace-heur/heur165.gr,3387,314327,314327,True,590.7,600.9
pace-heur/heur166.gr,4039,53547,53547,True,590.1,600.2
pace-heur/heur167.gr,5242,6050,6050,True,399.3,600.1
pace-heur/heur168.gr,6301,18495,18494,True,590.1,600.3
pace-heur/heur169.gr,6474,11273,11273,True,501.9,600.0
pace-heur/heur170.gr,8114,23196,23196,True,590.0,600.3
pace-heur/heur171.gr,8717,27888,27888,True,590.1,601.0
pace-heur/heur172.gr,8846,28140,28140,True,590.0,600.2
pace-heur/heur173.gr,9877,15813,15814,True,590.1,600.1
pace-heur/heur174.gr,10876,35344,35344,True,590.1,600.3
pace-heur/heur175.gr,12008,46133,46133,True,590.1,600.7
pace-heur/heur176.gr,18772,125542,125554,True,590.2,600.2
pace-heur/heur177.gr,22687,48404,48404,True,590.2,600.4
pace-heur/heur178.gr,23133,56834,56834,True,590.1,600.3
pace-heur/heur179.gr,36692,150427,150465,True,590.2,600.0
pace-heur/heur180.gr,75879,365146,365225,True,590.9,606.0
pace-heur/heur181.gr,77351,305739,305753,True,590.5,600.8
pace-heur/heur182.gr,77360,438161,438173,True,590.8,601.1
pace-heur/heur183.gr,81306,1068169,1068266,True,591.6,600.7
pace-heur/heur184.gr,81868,323224,323231,True,590.6,600.6
pace-heur/heur185.gr,82141,325086,325070,True,590.6,600.0
pace-heur/heur186.gr,82168,470773,470766,True,590.9,601.8
pace-heur/heur187.gr,131829,463306,463348,True,590.8,600.2
pace-heur/heur188.gr,196591,788561,788574,True,591.3,604.3
pace-heur/heur189.gr,262111,540847,540839,True,591.3,600.2
pace-heur/heur190.gr,281903,1673836,1674671,True,592.6,602.1
pace-heur/heur191.gr,317080,606736,606731,True,591.4,600.5
pace-heur/heur192.gr,325729,733799,733713,True,591.6,600.7
pace-heur/heur193.gr,334863,612331,612312,True,592.0,600.4
pace-heur/heur194.gr,400727,1588420,1588451,True,593.9,600.6
pace-heur/heur195.gr,403394,1647197,1647255,True,593.1,602.0
pace-heur/heur196.gr,410236,1648433,1648530,True,593.2,602.4
pace-heur/heur197.gr,1088092,945446,944536,True,592.7,602.0
pace-heur/heur198.gr,1134890,2649817,2649308,True,595.8,603.9
pace-heur/heur199.gr,1379917,1166154,1164824,True,593.3,600.7
pace-heur/heur200.gr,1965206,1694479,1689148,True,596.7,602.1
