instance,n,m,algo,seed,cost,lb,time,error
ca-GrQc,5242.0,14484.0,pivot,2,9811.0,,0.4051518440246582,
ca-GrQc,5242.0,14484.0,pivot,1,9979.0,,0.4159038066864013,
ca-GrQc,5242.0,14484.0,pivot,0,10074.0,,0.4273791313171386,
ca-GrQc,5242.0,14484.0,pivot50,0,8499.0,,0.0416731834411621,
ca-GrQc,5242.0,14484.0,pivot50,1,8559.0,,0.0425872802734375,
ca-GrQc,5242.0,14484.0,vote,0,6185.0,,0.006227970123291,
ca-GrQc,5242.0,14484.0,vote,2,6203.0,,0.0013689994812011,
ca-GrQc,5242.0,14484.0,vote,1,6190.0,,0.0058801174163818,
ca-GrQc,5242.0,14484.0,pivot50,2,8623.0,,0.0407235622406005,
ca-GrQc,5242.0,14484.0,louvain,0,6158.0,,0.0169398784637451,
ca-GrQc,5242.0,14484.0,louvain,1,6169.0,,0.0171446800231933,
ca-GrQc,5242.0,14484.0,louvain,2,6179.0,,0.0205950736999511,
ca-GrQc,5242.0,14484.0,leiden,2,6171.0,,1.0252773761749268,
ca-GrQc,5242.0,14484.0,leiden,1,6177.0,,1.164470911026001,
ca-GrQc,5242.0,14484.0,leiden,0,6161.0,,1.2213540077209473,
ca-GrQc,5242.0,14484.0,mfp,0,13292.0,,0.4826669692993164,
ca-GrQc,5242.0,14484.0,ins,0,6089.0,,0.0531482696533203,
ca-GrQc,5242.0,14484.0,ins,1,6094.0,,0.0334227085113525,
ca-GrQc,5242.0,14484.0,ins,2,6080.0,,0.0485527515411376,
ca-GrQc,5242.0,14484.0,mfp,1,13584.0,,0.5345313549041748,
ca-GrQc,5242.0,14484.0,mfp,2,13068.0,,0.5616846084594727,
ca-GrQc,5242.0,14484.0,flip,0,6070.0,,0.9764971733093262,
ca-GrQc,5242.0,14484.0,flip,1,6073.0,,1.0908606052398682,
ca-GrQc,5242.0,14484.0,flip,2,6072.0,,1.1809329986572266,
ca-GrQc,5242.0,14484.0,lb:greedy,0,,4479.0,0.0211648941040039,
ca-GrQc,5242.0,14484.0,lb:tri-mwu,0,,4724.788732394366,0.1659462451934814,
ca-HepTh,9877.0,25973.0,pivot,0,23499.0,,0.0004611015319824,
ca-HepTh,9877.0,25973.0,pivot,1,22573.0,,0.0004584789276123,
ca-HepTh,9877.0,25973.0,pivot,2,23156.0,,0.0003969669342041,
ca-HepTh,9877.0,25973.0,pivot50,0,22849.0,,0.10512375831604,
ca-HepTh,9877.0,25973.0,pivot50,1,22573.0,,0.0827133655548095,
ca-HepTh,9877.0,25973.0,pivot50,2,22976.0,,0.0888018608093261,
ca-HepTh,9877.0,25973.0,vote,0,16255.0,,0.0027546882629394,
ca-HepTh,9877.0,25973.0,vote,1,16284.0,,0.0029132366180419,
ca-HepTh,9877.0,25973.0,vote,2,16291.0,,0.0027108192443847,
ca-HepTh,9877.0,25973.0,louvain,0,16190.0,,0.0260195732116699,
ca-HepTh,9877.0,25973.0,louvain,1,16226.0,,0.3595781326293945,
ca-HepTh,9877.0,25973.0,louvain,2,16224.0,,0.0187921524047851,
ca-HepTh,9877.0,25973.0,leiden,0,16227.0,,2.2191293239593506,
ca-HepTh,9877.0,25973.0,leiden,1,16202.0,,2.012953281402588,
ca-HepTh,9877.0,25973.0,leiden,2,16193.0,,1.270873785018921,
ca-HepTh,9877.0,25973.0,mfp,0,29385.0,,0.0735876560211181,
ca-HepTh,9877.0,25973.0,mfp,1,29749.0,,0.0473310947418212,
ca-HepTh,9877.0,25973.0,mfp,2,30010.0,,0.0481212139129638,
ca-HepTh,9877.0,25973.0,ins,0,15929.0,,0.0959174633026123,
ca-HepTh,9877.0,25973.0,ins,1,15935.0,,0.1363043785095214,
ca-HepTh,9877.0,25973.0,ins,2,15939.0,,0.1048243045806884,
ca-HepTh,9877.0,25973.0,flip,0,15877.0,,2.545874118804932,
ca-HepTh,9877.0,25973.0,flip,1,15888.0,,2.9277656078338623,
ca-HepTh,9877.0,25973.0,flip,2,15893.0,,2.5117712020874023,
ca-GrQc,5242.0,14484.0,kapoce,0,6050.0,,334.5217080116272,
ca-HepTh,9877.0,25973.0,lb:greedy,0,,10835.0,0.044318675994873,
ca-HepTh,9877.0,25973.0,lb:tri-mwu,0,,10886.802816901409,0.4391474723815918,
ca-HepPh,12008.0,118489.0,pivot,0,88732.0,,0.0006463527679443,
ca-HepPh,12008.0,118489.0,pivot,1,91166.0,,0.0005903244018554,
ca-HepPh,12008.0,118489.0,pivot,2,91173.0,,0.0005164146423339,
ca-HepPh,12008.0,118489.0,pivot50,0,63780.0,,0.1167562007904052,
ca-HepPh,12008.0,118489.0,pivot50,1,66585.0,,0.1170098781585693,
ca-HepPh,12008.0,118489.0,pivot50,2,66519.0,,0.1445860862731933,
ca-HepPh,12008.0,118489.0,vote,0,46660.0,,0.0088844299316406,
ca-HepPh,12008.0,118489.0,vote,1,46515.0,,0.0081334114074707,
ca-HepPh,12008.0,118489.0,vote,2,46682.0,,0.328341007232666,
ca-HepPh,12008.0,118489.0,louvain,0,46569.0,,0.0598540306091308,
ca-HepPh,12008.0,118489.0,louvain,1,46477.0,,0.0485670566558837,
ca-HepPh,12008.0,118489.0,louvain,2,46537.0,,0.0482370853424072,
ca-HepPh,12008.0,118489.0,leiden,0,46437.0,,3.682759284973145,
ca-HepPh,12008.0,118489.0,leiden,1,46406.0,,6.0805535316467285,
ca-HepPh,12008.0,118489.0,mfp,0,103445.0,,0.6503660678863525,
ca-HepPh,12008.0,118489.0,mfp,1,107503.0,,0.6466078758239746,
ca-HepPh,12008.0,118489.0,leiden,2,46447.0,,5.5940821170806885,
ca-HepPh,12008.0,118489.0,mfp,2,112938.0,,0.6733603477478027,
ca-HepPh,12008.0,118489.0,ins,0,46231.0,,1.6169533729553225,
ca-HepPh,12008.0,118489.0,ins,1,46226.0,,1.5548357963562012,
ca-HepPh,12008.0,118489.0,ins,2,46222.0,,1.65686297416687,
ca-HepPh,12008.0,118489.0,flip,0,46191.0,,30.227781772613525,
ca-HepPh,12008.0,118489.0,flip,1,46197.0,,33.73077416419983,
ca-HepPh,12008.0,118489.0,flip,2,46202.0,,30.73092722892761,
ca-HepTh,9877.0,25973.0,kapoce,0,15814.0,,590.0761461257935,
ca-HepPh,12008.0,118489.0,lb:greedy,0,,35012.0,0.7121689319610596,
ca-HepPh,12008.0,118489.0,lb:tri-mwu,0,,39494.27464788732,11.73256254196167,
ca-AstroPh,18772.0,198050.0,pivot,0,206413.0,,0.0010545253753662,
ca-AstroPh,18772.0,198050.0,pivot,1,210529.0,,0.0008511543273925,
ca-AstroPh,18772.0,198050.0,pivot,2,200307.0,,0.0008304119110107,
ca-AstroPh,18772.0,198050.0,pivot50,0,184322.0,,0.1748695373535156,
ca-AstroPh,18772.0,198050.0,pivot50,1,186624.0,,0.1969847679138183,
ca-AstroPh,18772.0,198050.0,pivot50,2,186277.0,,0.1839346885681152,
ca-AstroPh,18772.0,198050.0,vote,0,127442.0,,0.0286273956298828,
ca-AstroPh,18772.0,198050.0,vote,1,126779.0,,0.0216970443725585,
ca-AstroPh,18772.0,198050.0,vote,2,127453.0,,0.0218665599822998,
ca-AstroPh,18772.0,198050.0,louvain,0,127211.0,,0.4512171745300293,
ca-AstroPh,18772.0,198050.0,louvain,1,126633.0,,0.0806922912597656,
ca-AstroPh,18772.0,198050.0,louvain,2,127042.0,,0.1111831665039062,
ca-AstroPh,18772.0,198050.0,leiden,0,127171.0,,18.91718363761902,
ca-AstroPh,18772.0,198050.0,leiden,1,126572.0,,8.920215368270874,
ca-AstroPh,18772.0,198050.0,leiden,2,127544.0,,9.1711266040802,
ca-AstroPh,18772.0,198050.0,mfp,0,230877.0,,1.6344575881958008,
ca-AstroPh,18772.0,198050.0,mfp,1,229913.0,,1.299558162689209,
ca-AstroPh,18772.0,198050.0,mfp,2,231311.0,,1.3666257858276367,
ca-AstroPh,18772.0,198050.0,ins,0,125746.0,,1.6952087879180908,
ca-AstroPh,18772.0,198050.0,ins,1,125746.0,,2.3565897941589355,
ca-AstroPh,18772.0,198050.0,ins,2,125773.0,,1.8219809532165527,
ca-AstroPh,18772.0,198050.0,flip,0,125692.0,,40.19808101654053,
ca-AstroPh,18772.0,198050.0,flip,1,125697.0,,40.69213771820069,
ca-AstroPh,18772.0,198050.0,flip,2,125702.0,,38.30502867698669,
ca-HepPh,12008.0,118489.0,kapoce,0,46133.0,,590.2885489463806,
ca-AstroPh,18772.0,198050.0,lb:greedy,0,,85348.0,1.4589180946350098,
ca-AstroPh,18772.0,198050.0,lb:tri-mwu,0,,86008.54929577465,24.24729061126709,
ca-CondMat,23133.0,93439.0,pivot,0,87963.0,,0.0011510848999023,
ca-CondMat,23133.0,93439.0,pivot,1,89036.0,,0.0027687549591064,
ca-CondMat,23133.0,93439.0,pivot,2,87152.0,,0.0009670257568359,
ca-CondMat,23133.0,93439.0,pivot50,0,80134.0,,0.2339787483215332,
ca-CondMat,23133.0,93439.0,pivot50,1,80692.0,,0.2241055965423584,
ca-CondMat,23133.0,93439.0,pivot50,2,81839.0,,0.2075257301330566,
ca-CondMat,23133.0,93439.0,vote,0,57989.0,,0.0115091800689697,
ca-CondMat,23133.0,93439.0,vote,1,57856.0,,0.0108013153076171,
ca-CondMat,23133.0,93439.0,vote,2,58000.0,,0.0111558437347412,
ca-CondMat,23133.0,93439.0,louvain,0,57777.0,,0.0861389636993408,
ca-CondMat,23133.0,93439.0,louvain,1,57670.0,,0.0833292007446289,
ca-CondMat,23133.0,93439.0,louvain,2,57806.0,,0.080841064453125,
ca-CondMat,23133.0,93439.0,leiden,0,57611.0,,17.318541526794434,
ca-CondMat,23133.0,93439.0,leiden,1,57729.0,,10.14601707458496,
ca-CondMat,23133.0,93439.0,leiden,2,57679.0,,11.314099550247192,
ca-CondMat,23133.0,93439.0,mfp,0,110761.0,,0.3676223754882812,
ca-CondMat,23133.0,93439.0,mfp,1,110751.0,,0.7601780891418457,
ca-CondMat,23133.0,93439.0,mfp,2,110811.0,,0.2936990261077881,
ca-CondMat,23133.0,93439.0,ins,0,57050.0,,0.4394900798797607,
ca-CondMat,23133.0,93439.0,ins,1,57058.0,,0.4795510768890381,
ca-CondMat,23133.0,93439.0,ins,2,57080.0,,0.440248966217041,
ca-CondMat,23133.0,93439.0,flip,0,57000.0,,10.709207773208618,
ca-CondMat,23133.0,93439.0,flip,1,57011.0,,10.332913875579834,
ca-CondMat,23133.0,93439.0,flip,2,56998.0,,10.50634789466858,
ca-AstroPh,18772.0,198050.0,kapoce,0,125559.0,,590.5343115329742,
ca-CondMat,23133.0,93439.0,lb:greedy,0,,39380.0,0.2370274066925048,
ca-CondMat,23133.0,93439.0,lb:tri-mwu,0,,39703.83802816901,3.158156633377075,
email-Enron,36692.0,183831.0,pivot,0,220065.0,,0.0020687580108642,
email-Enron,36692.0,183831.0,pivot,1,192960.0,,0.0014948844909667,
email-Enron,36692.0,183831.0,pivot,2,215500.0,,0.3433592319488525,
email-Enron,36692.0,183831.0,pivot50,0,187245.0,,0.3678829669952392,
email-Enron,36692.0,183831.0,pivot50,1,185792.0,,0.320275068283081,
email-Enron,36692.0,183831.0,pivot50,2,185219.0,,0.319319486618042,
email-Enron,36692.0,183831.0,vote,0,151761.0,,0.0343368053436279,
email-Enron,36692.0,183831.0,vote,1,151846.0,,0.0315945148468017,
email-Enron,36692.0,183831.0,vote,2,151857.0,,0.0332908630371093,
email-Enron,36692.0,183831.0,louvain,0,151611.0,,0.2076327800750732,
email-Enron,36692.0,183831.0,louvain,1,151664.0,,0.1915030479431152,
email-Enron,36692.0,183831.0,louvain,2,151672.0,,0.1772747039794922,
email-Enron,36692.0,183831.0,leiden,0,152087.0,,12.065128087997437,
email-Enron,36692.0,183831.0,leiden,1,151626.0,,33.90803360939026,
email-Enron,36692.0,183831.0,mfp,0,215996.0,,4.752830505371094,
email-Enron,36692.0,183831.0,mfp,1,214677.0,,4.154739618301392,
email-Enron,36692.0,183831.0,mfp,2,227676.0,,4.431782484054565,
email-Enron,36692.0,183831.0,ins,0,150906.0,,1.89158034324646,
email-Enron,36692.0,183831.0,ins,1,150974.0,,1.7711915969848633,
email-Enron,36692.0,183831.0,ins,2,150934.0,,1.7600243091583252,
email-Enron,36692.0,183831.0,leiden,2,151561.0,,25.52735662460327,
email-Enron,36692.0,183831.0,flip,0,150718.0,,33.960145473480225,
email-Enron,36692.0,183831.0,flip,1,150698.0,,37.22543978691101,
email-Enron,36692.0,183831.0,flip,2,150731.0,,36.42642617225647,
ca-CondMat,23133.0,93439.0,kapoce,0,56835.0,,590.2430031299591,
email-Enron,36692.0,183831.0,lb:greedy,0,,85082.0,3.5602362155914307,
email-Enron,36692.0,183831.0,lb:tri-mwu,0,,83056.13732394367,64.63238215446472,
loc-Brightkite,58228.0,214078.0,pivot,0,253801.0,,0.0028059482574462,
loc-Brightkite,58228.0,214078.0,pivot,1,245496.0,,0.002371072769165,
loc-Brightkite,58228.0,214078.0,pivot,2,248495.0,,0.0022358894348144,
loc-Brightkite,58228.0,214078.0,pivot50,0,238226.0,,0.6250510215759277,
loc-Brightkite,58228.0,214078.0,pivot50,1,239863.0,,0.5539207458496094,
loc-Brightkite,58228.0,214078.0,pivot50,2,236081.0,,0.9043595790863036,
loc-Brightkite,58228.0,214078.0,vote,0,178209.0,,0.0420958995819091,
loc-Brightkite,58228.0,214078.0,vote,1,178077.0,,0.0437879562377929,
loc-Brightkite,58228.0,214078.0,vote,2,178103.0,,0.0321161746978759,
loc-Brightkite,58228.0,214078.0,louvain,0,177791.0,,0.2693731784820556,
loc-Brightkite,58228.0,214078.0,louvain,1,177853.0,,0.2394499778747558,
loc-Brightkite,58228.0,214078.0,louvain,2,177773.0,,0.2399153709411621,
loc-Brightkite,58228.0,214078.0,leiden,0,177755.0,,37.390974044799805,
loc-Brightkite,58228.0,214078.0,leiden,1,177730.0,,55.72076725959778,
loc-Brightkite,58228.0,214078.0,leiden,2,177915.0,,58.29509258270264,
loc-Brightkite,58228.0,214078.0,mfp,0,257088.0,,2.685136079788208,
loc-Brightkite,58228.0,214078.0,mfp,1,269314.0,,2.4319865703582764,
loc-Brightkite,58228.0,214078.0,mfp,2,261471.0,,2.389643430709839,
loc-Brightkite,58228.0,214078.0,ins,0,175747.0,,2.086621046066284,
loc-Brightkite,58228.0,214078.0,ins,1,175763.0,,2.0784780979156494,
loc-Brightkite,58228.0,214078.0,ins,2,175734.0,,1.9610393047332764,
loc-Brightkite,58228.0,214078.0,flip,0,175117.0,,39.27600002288818,
email-Enron,36692.0,183831.0,kapoce,0,150430.0,,590.5635402202606,
loc-Brightkite,58228.0,214078.0,flip,1,175112.0,,37.18794822692871,
loc-Brightkite,58228.0,214078.0,flip,2,175103.0,,39.85734009742737,
loc-Brightkite,58228.0,214078.0,lb:greedy,0,,102317.0,2.11847186088562,
loc-Brightkite,58228.0,214078.0,lb:tri-mwu,0,,100658.18661971833,33.48005819320679,
soc-Epinions,75879.0,405740.0,pivot,0,519682.0,,0.0051929950714111,
soc-Epinions,75879.0,405740.0,pivot,1,496495.0,,0.0040314197540283,
soc-Epinions,75879.0,405740.0,pivot,2,498225.0,,0.0042967796325683,
soc-Epinions,75879.0,405740.0,pivot50,0,472444.0,,1.18615984916687,
soc-Epinions,75879.0,405740.0,pivot50,1,469475.0,,0.8321328163146973,
soc-Epinions,75879.0,405740.0,pivot50,2,470607.0,,0.7792048454284668,
soc-Epinions,75879.0,405740.0,vote,0,368411.0,,0.0810992717742919,
soc-Epinions,75879.0,405740.0,vote,1,368339.0,,0.0738930702209472,
soc-Epinions,75879.0,405740.0,vote,2,368488.0,,0.0779852867126464,
soc-Epinions,75879.0,405740.0,louvain,0,368113.0,,0.5140426158905029,
soc-Epinions,75879.0,405740.0,louvain,1,368108.0,,0.5315008163452148,
soc-Epinions,75879.0,405740.0,louvain,2,368178.0,,0.5005791187286377,
soc-Epinions,75879.0,405740.0,leiden,0,368132.0,,70.76416993141174,
soc-Epinions,75879.0,405740.0,leiden,1,368185.0,,39.76156044006348,
soc-Epinions,75879.0,405740.0,leiden,2,368094.0,,70.78990983963013,
soc-Epinions,,,mfp,0,,,,MemoryError('distance-2 support too large for this machine')
soc-Epinions,,,mfp,1,,,,MemoryError('distance-2 support too large for this machine')
soc-Epinions,,,mfp,2,,,,MemoryError('distance-2 support too large for this machine')
soc-Epinions,75879.0,405740.0,ins,0,366257.0,,5.113431453704834,
soc-Epinions,75879.0,405740.0,ins,1,366170.0,,4.97410774230957,
soc-Epinions,75879.0,405740.0,ins,2,366163.0,,4.908339023590088,
soc-Epinions,75879.0,405740.0,flip,0,365580.0,,92.998863697052,
soc-Epinions,75879.0,405740.0,flip,1,365617.0,,93.19594812393188,
loc-Brightkite,58228.0,214078.0,kapoce,0,174695.0,,590.5964014530182,
soc-Epinions,75879.0,405740.0,flip,2,365582.0,,93.61670517921448,
soc-Epinions,,,lb:greedy,0,,,,MemoryError('distance-2 support too large for this machine')
soc-Epinions,,,lb:tri-mwu,0,,,,MemoryError('distance-2 support too large for this machine')
Slashdot+,75144.0,382882.0,pivot,0,521190.0,,0.3617599010467529,
Slashdot+,75144.0,382882.0,pivot,1,469502.0,,0.0031843185424804,
Slashdot+,75144.0,382882.0,pivot,2,516873.0,,0.0030789375305175,
Slashdot+,75144.0,382882.0,pivot50,0,468159.0,,0.7475392818450928,
Slashdot+,75144.0,382882.0,pivot50,1,469502.0,,0.7533392906188965,
Slashdot+,75144.0,382882.0,pivot50,2,457004.0,,0.7665362358093262,
Slashdot+,75144.0,382882.0,vote,0,356085.0,,0.0542528629302978,
Slashdot+,75144.0,382882.0,vote,1,356156.0,,0.0490643978118896,
Slashdot+,75144.0,382882.0,vote,2,356033.0,,0.0434091091156005,
Slashdot+,75144.0,382882.0,louvain,0,356007.0,,0.4649496078491211,
Slashdot+,75144.0,382882.0,louvain,1,356075.0,,0.447829008102417,
Slashdot+,75144.0,382882.0,louvain,2,355962.0,,0.4748249053955078,
Slashdot+,75144.0,382882.0,leiden,0,356075.0,,60.17858815193176,
Slashdot+,75144.0,382882.0,leiden,1,355915.0,,42.14154076576233,
Slashdot+,75144.0,382882.0,leiden,2,355972.0,,46.21981596946716,
Slashdot+,,,mfp,0,,,,MemoryError('distance-2 support too large for this machine')
Slashdot+,,,mfp,1,,,,MemoryError('distance-2 support too large for this machine')
Slashdot+,,,mfp,2,,,,MemoryError('distance-2 support too large for this machine')
Slashdot+,75144.0,382882.0,ins,0,353599.0,,3.087498664855957,
Slashdot+,75144.0,382882.0,ins,1,353542.0,,2.729973554611206,
Slashdot+,75144.0,382882.0,ins,2,353590.0,,2.9011478424072266,
Slashdot+,75144.0,382882.0,flip,0,352349.0,,68.1822829246521,
Slashdot+,75144.0,382882.0,flip,1,352351.0,,68.70432448387146,
Slashdot+,75144.0,382882.0,flip,2,352368.0,,69.55094957351685,
soc-Epinions,75879.0,405740.0,kapoce,0,365162.0,,591.7373695373535,
Slashdot+,,,lb:greedy,0,,,,MemoryError('distance-2 support too large for this machine')
Slashdot+,,,lb:tri-mwu,0,,,,MemoryError('distance-2 support too large for this machine')
Epinions+,114467.0,592591.0,pivot,0,746032.0,,0.0049891471862792,
Epinions+,114467.0,592591.0,pivot,1,744964.0,,0.004486083984375,
Epinions+,114467.0,592591.0,pivot,2,792200.0,,0.0043103694915771,
Epinions+,114467.0,592591.0,pivot50,0,689757.0,,1.1270442008972168,
Epinions+,114467.0,592591.0,pivot50,1,683071.0,,1.2324059009552002,
Epinions+,114467.0,592591.0,pivot50,2,669690.0,,1.266308307647705,
Epinions+,114467.0,592591.0,vote,0,525876.0,,0.1069777011871337,
Epinions+,114467.0,592591.0,vote,1,525546.0,,0.1630208492279052,
Epinions+,114467.0,592591.0,vote,2,525621.0,,0.1243407726287841,
Epinions+,114467.0,592591.0,louvain,0,525620.0,,0.6945669651031494,
Epinions+,114467.0,592591.0,louvain,1,525237.0,,0.8324160575866699,
Epinions+,114467.0,592591.0,louvain,2,525345.0,,0.7783722877502441,
Epinions+,114467.0,592591.0,leiden,0,525372.0,,243.3883650302887,
Epinions+,114467.0,592591.0,leiden,1,525553.0,,71.70857167243958,
Epinions+,114467.0,592591.0,leiden,2,525501.0,,54.34422254562378,
Epinions+,,,mfp,0,,,,MemoryError('distance-2 support too large for this machine')
Epinions+,,,mfp,1,,,,MemoryError('distance-2 support too large for this machine')
Epinions+,,,mfp,2,,,,MemoryError('distance-2 support too large for this machine')
Epinions+,114467.0,592591.0,ins,0,522976.0,,9.889916896820068,
Epinions+,114467.0,592591.0,ins,1,523186.0,,7.457343816757202,
Epinions+,114467.0,592591.0,ins,2,523099.0,,12.32278037071228,
Slashdot+,75144.0,382882.0,kapoce,0,351859.0,,591.1571574211121,
Epinions+,114467.0,592591.0,flip,0,522353.0,,188.35064673423767,
Epinions+,114467.0,592591.0,flip,1,522380.0,,185.94342947006223,
Epinions+,114467.0,592591.0,flip,2,522344.0,,191.46258521080017,
Epinions+,,,lb:greedy,0,,,,MemoryError('distance-2 support too large for this machine')
Epinions+,,,lb:tri-mwu,0,,,,MemoryError('distance-2 support too large for this machine')
BitcoinOTC+,5573.0,18591.0,pivot,0,20058.0,,0.0003387928009033,
BitcoinOTC+,5573.0,18591.0,pivot,1,30077.0,,0.0003190040588378,
BitcoinOTC+,5573.0,18591.0,pivot,2,21587.0,,0.0002391338348388,
BitcoinOTC+,5573.0,18591.0,pivot50,0,19743.0,,0.0438945293426513,
BitcoinOTC+,5573.0,18591.0,pivot50,1,19873.0,,0.0437760353088378,
BitcoinOTC+,5573.0,18591.0,pivot50,2,19456.0,,0.0440371036529541,
BitcoinOTC+,5573.0,18591.0,vote,0,16708.0,,0.0018756389617919,
BitcoinOTC+,5573.0,18591.0,vote,1,16727.0,,0.0016114711761474,
BitcoinOTC+,5573.0,18591.0,vote,2,16702.0,,0.0019516944885253,
BitcoinOTC+,5573.0,18591.0,louvain,0,16675.0,,0.0214002132415771,
BitcoinOTC+,5573.0,18591.0,louvain,1,16723.0,,0.0119891166687011,
BitcoinOTC+,5573.0,18591.0,louvain,2,16702.0,,0.4056954383850097,
BitcoinOTC+,5573.0,18591.0,leiden,0,16753.0,,1.130317211151123,
BitcoinOTC+,5573.0,18591.0,leiden,1,16701.0,,0.80670166015625,
BitcoinOTC+,5573.0,18591.0,leiden,2,16704.0,,0.7757256031036377,
BitcoinOTC+,5573.0,18591.0,mfp,0,26880.0,,0.2145493030548095,
BitcoinOTC+,5573.0,18591.0,mfp,1,23807.0,,0.1848406791687011,
BitcoinOTC+,5573.0,18591.0,mfp,2,24159.0,,0.1933131217956543,
BitcoinOTC+,5573.0,18591.0,ins,0,16554.0,,0.0975589752197265,
BitcoinOTC+,5573.0,18591.0,ins,1,16560.0,,0.0875225067138671,
BitcoinOTC+,5573.0,18591.0,ins,2,16558.0,,0.133394718170166,
BitcoinOTC+,5573.0,18591.0,flip,0,16504.0,,2.154759645462036,
BitcoinOTC+,5573.0,18591.0,flip,1,16502.0,,2.180610418319702,
BitcoinOTC+,5573.0,18591.0,flip,2,16497.0,,2.152738332748413,
Epinions+,114467.0,592591.0,kapoce,0,521825.0,,591.8982427120209,
BitcoinOTC+,5573.0,18591.0,lb:greedy,0,,9137.0,0.1726267337799072,
BitcoinOTC+,5573.0,18591.0,lb:tri-mwu,0,,8773.654929577464,1.8703064918518064,
BitcoinAlpha+,3683.0,12972.0,pivot,0,21315.0,,0.0002863407135009,
BitcoinAlpha+,3683.0,12972.0,pivot,1,14223.0,,0.0002615451812744,
BitcoinAlpha+,3683.0,12972.0,pivot,2,14745.0,,0.0001842975616455,
BitcoinAlpha+,3683.0,12972.0,pivot50,0,13877.0,,0.0284225940704345,
BitcoinAlpha+,3683.0,12972.0,pivot50,1,14158.0,,0.4170527458190918,
BitcoinAlpha+,3683.0,12972.0,pivot50,2,13366.0,,0.0280585289001464,
BitcoinAlpha+,3683.0,12972.0,vote,0,11638.0,,0.0065488815307617,
BitcoinAlpha+,3683.0,12972.0,vote,1,11659.0,,0.0013589859008789,
BitcoinAlpha+,3683.0,12972.0,vote,2,11625.0,,0.001347541809082,
BitcoinAlpha+,3683.0,12972.0,louvain,0,11608.0,,0.01884126663208,
BitcoinAlpha+,3683.0,12972.0,louvain,1,11649.0,,0.0103411674499511,
BitcoinAlpha+,3683.0,12972.0,louvain,2,11623.0,,0.0072412490844726,
BitcoinAlpha+,3683.0,12972.0,leiden,0,11638.0,,1.041331768035889,
BitcoinAlpha+,3683.0,12972.0,leiden,1,11638.0,,0.6490373611450195,
BitcoinAlpha+,3683.0,12972.0,leiden,2,11619.0,,0.4923620223999023,
BitcoinAlpha+,3683.0,12972.0,mfp,0,16238.0,,0.118011474609375,
BitcoinAlpha+,3683.0,12972.0,mfp,1,16006.0,,0.0925519466400146,
BitcoinAlpha+,3683.0,12972.0,mfp,2,16564.0,,0.1158590316772461,
BitcoinAlpha+,3683.0,12972.0,ins,0,11520.0,,0.0734508037567138,
BitcoinAlpha+,3683.0,12972.0,ins,1,11517.0,,0.0580189228057861,
BitcoinAlpha+,3683.0,12972.0,ins,2,11503.0,,0.0457921028137207,
BitcoinAlpha+,3683.0,12972.0,flip,0,11461.0,,1.45050311088562,
BitcoinAlpha+,3683.0,12972.0,flip,1,11465.0,,1.5493571758270264,
BitcoinAlpha+,3683.0,12972.0,flip,2,11482.0,,1.459262132644653,
BitcoinOTC+,5573.0,18591.0,kapoce,0,16462.0,,454.3392767906189,
BitcoinAlpha+,3683.0,12972.0,lb:greedy,0,,6335.0,0.0962564945220947,
BitcoinAlpha+,3683.0,12972.0,lb:tri-mwu,0,,6133.580985915493,1.035447120666504,
com-Amazon,334863.0,925872.0,pivot,0,904427.0,,0.0185322761535644,
com-Amazon,334863.0,925872.0,pivot,1,906280.0,,0.018519639968872,
com-Amazon,334863.0,925872.0,pivot,2,915101.0,,0.0176184177398681,
com-Amazon,334863.0,925872.0,pivot50,0,897069.0,,3.933470726013184,
com-Amazon,334863.0,925872.0,pivot50,1,899825.0,,3.908210277557373,
com-Amazon,334863.0,925872.0,pivot50,2,900210.0,,3.888674259185791,
com-Amazon,334863.0,925872.0,vote,0,632921.0,,0.2656877040863037,
com-Amazon,334863.0,925872.0,vote,1,632915.0,,0.2120161056518554,
com-Amazon,334863.0,925872.0,vote,2,633013.0,,0.2084221839904785,
com-Amazon,334863.0,925872.0,louvain,0,629054.0,,1.9931950569152832,
com-Amazon,334863.0,925872.0,louvain,1,629154.0,,1.9271235466003416,
com-Amazon,334863.0,925872.0,louvain,2,629364.0,,1.8936612606048584,
BitcoinAlpha+,3683.0,12972.0,kapoce,0,11437.0,,293.82016134262085,
com-Amazon,334863.0,925872.0,leiden,1,627233.0,,1246.1704823970797,
com-Amazon,334863.0,925872.0,mfp,0,1138129.0,,2.6749870777130127,
com-Amazon,334863.0,925872.0,mfp,1,1144033.0,,2.4266369342803955,
com-Amazon,334863.0,925872.0,mfp,2,1141026.0,,2.3091485500335693,
com-Amazon,334863.0,925872.0,ins,0,617800.0,,7.7833778858184814,
com-Amazon,334863.0,925872.0,ins,1,617824.0,,7.045175313949585,
com-Amazon,334863.0,925872.0,ins,2,617758.0,,7.903339385986328,
com-Amazon,334863.0,925872.0,leiden,2,626887.0,,1224.476217508316,
com-Amazon,334863.0,925872.0,leiden,0,626917.0,,1487.2884669303894,
com-Amazon,334863.0,925872.0,flip,0,615074.0,,185.3713240623474,
com-Amazon,334863.0,925872.0,flip,1,615008.0,,178.29142117500305,
com-Amazon,334863.0,925872.0,flip,2,615083.0,,191.65471744537356,
com-Amazon,334863.0,925872.0,lb:greedy,0,,412040.0,2.587390184402466,
com-Amazon,334863.0,925872.0,lb:tri-mwu,0,,426754.6021126761,40.60010290145874,
com-DBLP,317080.0,1049866.0,pivot,0,950635.0,,0.0218603610992431,
com-DBLP,317080.0,1049866.0,pivot,1,948075.0,,0.0161283016204834,
com-DBLP,317080.0,1049866.0,pivot,2,960518.0,,0.0165231227874755,
com-DBLP,317080.0,1049866.0,pivot50,0,935473.0,,3.454115390777588,
com-DBLP,317080.0,1049866.0,pivot50,1,934453.0,,3.4649078845977783,
com-DBLP,317080.0,1049866.0,pivot50,2,933506.0,,3.4576563835144043,
com-DBLP,317080.0,1049866.0,vote,0,617398.0,,0.2553801536560058,
com-DBLP,317080.0,1049866.0,vote,1,617136.0,,0.2466440200805664,
com-DBLP,317080.0,1049866.0,vote,2,617025.0,,0.2568874359130859,
com-DBLP,317080.0,1049866.0,louvain,0,615372.0,,1.7448451519012451,
com-DBLP,317080.0,1049866.0,louvain,1,615183.0,,1.7166523933410645,
com-DBLP,317080.0,1049866.0,louvain,2,615205.0,,1.7559573650360107,
ca-GrQc,5242,14484,certiflip,0,6052,6037.528282960637,600.056259393692,
ca-HepPh,12008,118489,certiflip,0,46199,42903.46042152285,600.1681718826294,
ca-HepTh,9877,25973,certiflip,0,15857,15669.846638916613,600.3239116668701,
ca-CondMat,23133,93439,certiflip,0,56980,55476.52349647845,600.2529213428497,
ca-AstroPh,18772,198050,certiflip,0,125684,117960.44747474743,601.3192119598389,
email-Enron,36692,183831,certiflip,0,150701,140570.0,837.4751696586609,
loc-Brightkite,58228,214078,certiflip,0,175114,163206.0,601.3081645965576,
soc-Epinions,75879,405740,certiflip,0,365601,nan,666.1772544384003,
Slashdot+,75144,382882,certiflip,0,352367,nan,1008.8501973152161,
BitcoinOTC+,5573,18591,certiflip,0,16502,15601.05441760039,612.6105830669403,
Epinions+,114467,592591,certiflip,0,522369,nan,1223.2091977596283,
BitcoinAlpha+,3683,12972,certiflip,0,11464,10750.174242424255,606.2710382938385,
com-Amazon,334863,925872,certiflip,0,615002,560990.524138791,607.5322897434235,
com-Amazon,334863,925872,kapoce,0,612313,,593.5447738170624,
com-DBLP,317080,1049866,leiden,0,614162,,745.3129923343658,
com-DBLP,317080,1049866,mfp,0,1177325,,4.639594793319702,
com-DBLP,317080,1049866,mfp,1,1178678,,4.632610321044922,
com-DBLP,317080,1049866,mfp,2,1166731,,4.475869655609131,
com-DBLP,317080,1049866,ins,0,608747,,8.574231624603271,
com-DBLP,317080,1049866,ins,1,608743,,9.326765298843384,
com-DBLP,317080,1049866,ins,2,608750,,9.008294343948364,
com-DBLP,317080,1049866,flip,0,608252,,179.27090740203857,
com-DBLP,317080,1049866,leiden,1,614272,,1005.6953840255737,
com-DBLP,317080,1049866,flip,1,608173,,167.50942039489746,
com-DBLP,317080,1049866,flip,2,608257,,184.86528396606445,
com-DBLP,317080,1049866,leiden,2,614267,,765.9569044113159,
com-DBLP,317080,1049866,lb:greedy,0,,399183.0,4.155164480209351,
com-DBLP,317080,1049866,lb:tri-mwu,0,,426205.0070422535,74.6028323173523,
com-Youtube,1134890,2987624,pivot,0,3638780,,0.06307792663574219,
com-Youtube,1134890,2987624,pivot,1,3843248,,0.058650970458984375,
com-Youtube,1134890,2987624,pivot,2,6403969,,0.056565284729003906,
com-Youtube,1134890,2987624,pivot50,0,3444447,,16.2947096824646,
com-Youtube,1134890,2987624,pivot50,1,3389320,,16.214607000350952,
com-Youtube,1134890,2987624,pivot50,2,3463900,,15.805085897445679,
com-Youtube,1134890,2987624,vote,0,2683531,,1.010399341583252,
com-Youtube,1134890,2987624,vote,1,2684148,,1.0014657974243164,
com-Youtube,1134890,2987624,vote,2,2683459,,0.9436044692993164,
com-Youtube,1134890,2987624,louvain,0,2682745,,7.961075067520142,
com-Youtube,1134890,2987624,louvain,1,2683308,,8.393932819366455,
com-Youtube,1134890,2987624,louvain,2,2682697,,8.531797170639038,
com-DBLP,317080,1049866,certiflip,0,608212,582667.7709087394,601.1632075309753,
com-DBLP,317080,1049866,kapoce,0,606752,,593.6195516586304,
